platform,market_focus,media,domain_candidate,access_code,access_interpretation,evidence,desktop_chrome,extension_support,notes,source_urls,source_titles,research_date
YouTube,Global and North America,Video,youtube.com,M,Free/paid or mixed ad-supported offering documented,Model documented,"Not playback-tested; verify region, plan and player",Not qualified by this research,"Free ad-supported movie catalog documented in selected countries; creator videos, Shorts and live require separate tests. Existing adapter is not proof of all surfaces.",https://support.google.com/youtube/answer/16618963?hl=en,Free Primetime Movies & Shows on YouTube - YouTube Help,2026-09-06
Twitch,Global and North America,Video,twitch.tv,M,Free/paid or mixed ad-supported offering documented,Model documented,"Not playback-tested; verify region, plan and player",Not qualified by this research,Live ads and streamer sponsorships differ; Turbo does not remove every promotion.,https://help.twitch.tv/s/article/twitch-turbo-guide?language=en_US,Turbo Overview and FAQ,2026-09-06
Dailymotion,Global and North America,Video,dailymotion.com,F,Free ad-supported offering documented,Model documented,"Not playback-tested; verify region, plan and player",Not qualified by this research,In-stream ads; embedded Dailymotion players are another important surface.,https://faq.dailymotion.com/hc/en-us/articles/115009132048-Ad-positions,Ad positions – Dailymotion Help Center,2026-09-06
Kick,Global and North America,Video,kick.com,F,Free ad-supported offering documented,Model documented,"Not playback-tested; verify region, plan and player",Not qualified by this research,Official July 2026 help confirms ads; varies by viewer location/channel/language.,https://help.kick.com/en/articles/15300357-advertising-on-kick-for-viewers,Advertising on KICK For Viewers | Kick.com Help Center,2026-09-06
Rumble,Global and North America,Video,rumble.com,M,Free/paid or mixed ad-supported offering documented,Model documented,"Not playback-tested; verify region, plan and player",Not qualified by this research,Advertising confirmed; free/premium playback and each ad format need testing.,https://ads.rumble.com/,"Rumble | Partner With Rumble | Ad and Revenue Solutions For Advertisers, Creators, and Publishers",2026-09-06
Tubi,Global and North America,Video,tubitv.com,F,Free ad-supported offering documented,Model documented,"Not playback-tested; verify region, plan and player",Not qualified by this research,Free VOD and live channels; territory-specific catalogs and devices.,https://tubitv.com/welcome ; https://tubitv.com/help-center/About-Tubi/articles/4409969055259,Tubi: free streaming ; Tubi supported devices outside the US,2026-09-06
Pluto TV,Global and North America,Video,pluto.tv,F,Free ad-supported offering documented,Model documented,"Not playback-tested; verify region, plan and player",Not qualified by this research,Free live channels and on-demand; not globally available.,https://pluto.tv/where-to-watch,Pluto TV: where to watch,2026-09-06
The Roku Channel,Global and North America,Video,therokuchannel.roku.com,M,Free/paid or mixed ad-supported offering documented,Model documented,"Not playback-tested; verify region, plan and player",Not qualified by this research,Free ad-supported catalog plus subscriptions. Roku documents web in US/Canada/UK; Mexico device-only in cited help.,https://support.roku.com/en-gb/article/get-the-roku-channel ; https://advertising.roku.com/solutions/advertise/the-roku-channel,How to get The Roku Channel | Official Roku Support United Kingdom ; The Roku Channel | Roku Advertising,2026-09-06
Plex,Global and North America,Video,watch.plex.tv,F,Free ad-supported offering documented,Model documented,"Not playback-tested; verify region, plan and player",Not qualified by this research,"Target Plex's free catalog, not the user's personal media library.",https://support.plex.tv/articles/frequently-asked-questions-vod/,FAQ - Free Movies & Shows | Plex Support,2026-09-06
Xumo Play,Global and North America,Video,play.xumo.com,F,Free ad-supported offering documented,Model documented,"Not playback-tested; verify region, plan and player",Not qualified by this research,Free ad-supported; distinguish Xumo Play from Xumo hardware.,https://support.xumo.com/hc/en-us/articles/22542847894804-Do-I-have-to-pay-for-Xumo-Play,Do I have to pay for Xumo Play? – Xumo,2026-09-06
Sling Freestream,Global and North America,Video,watch.sling.com,F,Free ad-supported offering documented,Model documented,"Not playback-tested; verify region, plan and player",Not qualified by this research,Free live/VOD catalog; paid Sling is separate entitlement.,https://www.sling.com/help/en/learn-about-sling/promotions/freestream,The Sling Freestream Experience Explained | Sling TV Help,2026-09-06
Philo Free Channels,Global and North America,Video,philo.com,F,Free ad-supported offering documented,Model documented,"Not playback-tested; verify region, plan and player",Not qualified by this research,Free channels alongside paid Philo plans.,https://help.philo.com/account-billing/free-channels-experience/,Philo Free Channels: 150+ Channels at No Cost | Philo Help,2026-09-06
Prime Video,Global and North America,Video,primevideo.com,M,Free/paid or mixed ad-supported offering documented,Model documented,"Not playback-tested; verify region, plan and player",Not qualified by this research,Paid-with-ads and a distinct free catalog in supported markets; former Freevee is integrated here.,https://advertising.amazon.com/en-us/library/guides/free-ad-supported-streaming-tv/ ; https://www.itv.com/presscentre/presscentre/media-releases/itvx-premium-launches-prime-video-uk-add-subscription,Get more out of your Streaming TV ads with FAST | Amazon Ads ; ITVX Premium Launches on Prime Video in the UK as an Add-On Subscription | Press Centre,2026-09-06
Netflix,Global and North America,Video,netflix.com,P,Paid ad-supported offering documented; not generally free,Model documented,"Not playback-tested; verify region, plan and player",Not qualified by this research,Paid ad-supported plans; no general free tier. Ads cannot be skipped using the normal player.,https://help.netflix.com/go/ads,Ads on Netflix,2026-09-06
Disney+,Global and North America,Video,disneyplus.com,P,Paid ad-supported offering documented; not generally free,Model documented,"Not playback-tested; verify region, plan and player",Not qualified by this research,Paid ad-supported tiers only in relevant markets.,https://press.disneyplus.com/ad-supported-disney-plus-plan-now-available-in-the-us ; https://www.disneyplus.com/explore/what-is-disneyplus?msockid=3cc1646b361760fe1c2472e0372861a0,Ad-Supported Disney+ Plan Now Available In The U.S. With More Than 100 Advertisers Across All Major Categories At Launch | Disney Plus Press ; What is Disney+ | Learn More About Disney+,2026-09-06
Hulu,Global and North America,Video,hulu.com,P,Paid ad-supported offering documented; not generally free,Model documented,"Not playback-tested; verify region, plan and player",Not qualified by this research,Paid ad-supported service; Hulu content inside Disney+ is a separate player surface.,https://www.disneyplus.com/explore/what-is-disneyplus?msockid=3cc1646b361760fe1c2472e0372861a0,What is Disney+ | Learn More About Disney+,2026-09-06
HBO Max,Global and North America,Video,hbomax.com,P,Paid ad-supported offering documented; not generally free,Model documented,"Not playback-tested; verify region, plan and player",Not qualified by this research,Basic with Ads; country-specific plan and ad load.,https://help.hbomax.com/US/Answer/Detail/000002520,HBO Max | Find out about the HBO Max ad experience that comes with the HBO Max Basic with Ads plan.,2026-09-06
Paramount+,Global and North America,Video,paramountplus.com,P,Paid ad-supported offering documented; not generally free,Model documented,"Not playback-tested; verify region, plan and player",Not qualified by this research,Paid ad-supported plans; live TV can retain ads on higher plans.,https://www.paramountplus.com/account/signup/pickplan/?msockid=339152c80beb6ac234d844180ada6bab,Pick Paramount Plus Plan,2026-09-06
Peacock,Global and North America,Video,peacocktv.com,P,Paid ad-supported offering documented; not generally free,Model documented,"Not playback-tested; verify region, plan and player",Not qualified by this research,Current paid Select/Premium options; do not assume a generally available free tier.,https://www.peacocktv.com/help/article/why-am-i-seeing-ads-as-a-peacock-premium-plus-customer ; https://www.peacocktv.com/plans/all-monthly?successRedirect=%2Fwatch%2Fasset%2Fsports%2Fwwe%2Fwrestlings-bloopers-bleeps-and-bodyslams%2F34153781-8fbf-3c5a-bb5b-3c6ca976ae2d,Will I still see ads as a Peacock Premium Plus customer? ; Peacock - Choose a Plan,2026-09-06
AMC+,Global and North America,Video,amcplus.com,P,Paid ad-supported offering documented; not generally free,Model documented,"Not playback-tested; verify region, plan and player",Not qualified by this research,Paid with-ads option; bundled channel content must retain its access rules.,https://join.amcplus.com/home/,Watch Award-Winning Shows & Movies | AMC+,2026-09-06
discovery+,Global and North America,Video,discoveryplus.com,P,Paid ad-supported offering documented; not generally free,Model documented,"Not playback-tested; verify region, plan and player",Not qualified by this research,Paid ad-supported plan; regional plan availability needs checking.,https://help.philo.com/account-billing/packages/,Philo Subscription Plans & Add-Ons | Philo Help,2026-09-06
Fandango at Home,Global and North America,Video,athome.fandango.com,M,Free/paid or mixed ad-supported offering documented,Model documented,"Not playback-tested; verify region, plan and player",Not qualified by this research,Official catalog explicitly labels free-with-ads titles alongside rentals/purchases. Former Vudu; title availability and desktop playback remain untested.,https://athome.fandango.com/content/movies/ ; https://athome.fandango.com/content/browse/uxrow/Browse-All-Free-Titles/2764 ; https://athome.fandango.com/content/browse/uxrow/Watch-For-Free-with-Ads-Buy-For-4-99/18120,"Rent, Buy, Watch Movies & TV Online | Fandango at Home (Vudu) ; Browse All Free Titles | Stream on Fandango (Vudu) ; Watch For Free with Ads Buy For 4 99 | Stream on Fandango (Vudu)",2026-09-06
Cineverse,Global and North America,Video,cineverse.com,U,Research candidate: current ad model and/or web access not fully verified,Partial official/secondary evidence; qualify,"Not playback-tested; verify region, plan and player",Not qualified by this research,Publisher advertising network confirmed; verify current consumer playback entry point and tier.,https://www.cineverse.com/advertise-with-us/,"Advertise with Cineverse | Reach Engaged Audiences via CTV, Podcasts & More",2026-09-06
FilmRise,Global and North America,Video,filmrise.com,F,Free ad-supported offering documented,Model documented,"Not playback-tested; verify region, plan and player",Not qualified by this research,Ad-supported apps/channels confirmed; main corporate site is not necessarily a full web player. Test distributor hosts.,https://www.filmrise.com/about-us,ABOUT US,2026-09-06
Fawesome,Global and North America,Video,fawesome.tv,F,Free ad-supported offering documented,Model documented,"Not playback-tested; verify region, plan and player",Not qualified by this research,"Official distributor page documents free, advertising-funded VOD. Its device list emphasizes CTV/mobile; do not assume a usable desktop player.",https://fawesome.tv/partnerships/,Fawesome Partners | Independent Artists,2026-09-06
Filmzie,Global and North America,Video,filmzie.com,F,Free ad-supported offering documented,Model documented,"Not playback-tested; verify region, plan and player",Not qualified by this research,Free advertising-funded VOD documented in privacy notice.,https://filmzie.com/legal/en/privacy-notice,Filmzie – quality movie & TV shows free streaming.,2026-09-06
DistroTV,Global and North America,Video,distro.tv,F,Free ad-supported offering documented,Model documented,"Not playback-tested; verify region, plan and player",Not qualified by this research,FAST and VOD; territory/channel variations.,https://blog.distro.tv/news/distrotv-now-set-to-stream-on-major-smart-tv-platforms-in-addition-to-all-key-streaming-devices/,"DistroTV Now Set to Stream on Major Smart TV Platforms, In Addition to All Key Streaming Devices - DistroTV Blog",2026-09-06
Runtime,Global and North America,Video,runtime.tv,U,Research candidate: current ad model and/or web access not fully verified,Partial official/secondary evidence; qualify,"Not playback-tested; verify region, plan and player",Not qualified by this research,Active streaming homepage found; verify ad model and region in playback.,https://www.runtime.tv/,Home | Runtime,2026-09-06
Local Now,Global and North America,Video,localnow.com,F,Free ad-supported offering documented,Model documented,"Not playback-tested; verify region, plan and player",Not qualified by this research,Owner documents a free ad-supported service with local news and entertainment. Current desktop playback and geographic access still need qualification.,https://allenmedia.tv/founder/ ; https://allenmedia.tv/allen-media-group-turns-local-now-into-a-free-hyperlocal-streamer/,Founder - Allen Media Group ; Allen Media Group Turns Local Now Into A Free Hyperlocal Streamer - Allen Media Group,2026-09-06
Zeam,Global and North America,Video,zeam.com,U,Research candidate: current ad model and/or web access not fully verified,Partial official/secondary evidence; qualify,"Not playback-tested; verify region, plan and player",Not qualified by this research,Free local streaming confirmed; distinguish broadcaster ads from player-inserted ads.,https://get.zeam.com/,Zeam: Always local. Always free,2026-09-06
STIRR,Global and North America,Video,stirr.com,U,Research candidate: current ad model and/or web access not fully verified,Discovery backlog; not individually verified,"Not playback-tested; verify region, plan and player",Not qualified by this research,"Verify current operator, usable web player and lineup before adapter work.",,,2026-09-06
Fubo Free,Global and North America,Video,fubo.tv,U,Research candidate: current ad model and/or web access not fully verified,Discovery backlog; not individually verified,"Not playback-tested; verify region, plan and player",Not qualified by this research,Check eligibility of free offering; full Fubo is paid live TV.,,,2026-09-06
FreeCast,Global and North America,Video,freecast.com,U,Research candidate: current ad model and/or web access not fully verified,Discovery backlog; not individually verified,"Not playback-tested; verify region, plan and player",Not qualified by this research,Aggregator; distinguish its own player from outbound services.,,,2026-09-06
Free Movies Plus,Global and North America,Video,freemoviesplus.com,U,Research candidate: current ad model and/or web access not fully verified,Discovery backlog; not individually verified,"Not playback-tested; verify region, plan and player",Not qualified by this research,Secondary free-VOD candidate; confirm owner/player.,,,2026-09-06
Revry,Global and North America,Video,revry.tv,U,Research candidate: current ad model and/or web access not fully verified,Discovery backlog; not individually verified,"Not playback-tested; verify region, plan and player",Not qualified by this research,LGBTQ+ FAST/VOD candidate.,,,2026-09-06
The CW,Global and North America,Video,cwtv.com,U,Research candidate: current ad model and/or web access not fully verified,Discovery backlog; not individually verified,"Not playback-tested; verify region, plan and player",Not qualified by this research,Free broadcaster catch-up; verify current content/device access.,,,2026-09-06
NBC,Global and North America,Video,nbc.com,U,Research candidate: current ad model and/or web access not fully verified,Discovery backlog; not individually verified,"Not playback-tested; verify region, plan and player",Not qualified by this research,Free clips/selected catch-up versus provider-locked programming.,,,2026-09-06
ABC,Global and North America,Video,abc.com,U,Research candidate: current ad model and/or web access not fully verified,Discovery backlog; not individually verified,"Not playback-tested; verify region, plan and player",Not qualified by this research,Free clips/selected episodes versus authenticated access.,,,2026-09-06
CBS,Global and North America,Video,cbs.com,U,Research candidate: current ad model and/or web access not fully verified,Discovery backlog; not individually verified,"Not playback-tested; verify region, plan and player",Not qualified by this research,Free clips/selected episodes versus Paramount+ content.,,,2026-09-06
FOX,Global and North America,Video,fox.com,U,Research candidate: current ad model and/or web access not fully verified,Discovery backlog; not individually verified,"Not playback-tested; verify region, plan and player",Not qualified by this research,Free clips versus TV-provider entitlement; sports separate.,,,2026-09-06
PBS,Global and North America,Video,pbs.org,U,Research candidate: current ad model and/or web access not fully verified,Discovery backlog; not individually verified,"Not playback-tested; verify region, plan and player",Not qualified by this research,Underwriting and sponsor messages; Passport is not an ad-supported free entitlement.,,,2026-09-06
A&E,Global and North America,Video,aetv.com,U,Research candidate: current ad model and/or web access not fully verified,Discovery backlog; not individually verified,"Not playback-tested; verify region, plan and player",Not qualified by this research,Selected free episodes; many require TV provider.,,,2026-09-06
History,Global and North America,Video,history.com,U,Research candidate: current ad model and/or web access not fully verified,Discovery backlog; not individually verified,"Not playback-tested; verify region, plan and player",Not qualified by this research,Selected free episodes; many require TV provider.,,,2026-09-06
Lifetime,Global and North America,Video,mylifetime.com,U,Research candidate: current ad model and/or web access not fully verified,Discovery backlog; not individually verified,"Not playback-tested; verify region, plan and player",Not qualified by this research,Selected free episodes; many require TV provider.,,,2026-09-06
Adult Swim,Global and North America,Video,adultswim.com,U,Research candidate: current ad model and/or web access not fully verified,Discovery backlog; not individually verified,"Not playback-tested; verify region, plan and player",Not qualified by this research,Animation broadcaster; name does not mean an adult sexual-content platform.,,,2026-09-06
Comedy Central,Global and North America,Video,cc.com,U,Research candidate: current ad model and/or web access not fully verified,Discovery backlog; not individually verified,"Not playback-tested; verify region, plan and player",Not qualified by this research,Verify present web playback after broadcaster app retirements.,,,2026-09-06
BET,Global and North America,Video,bet.com,U,Research candidate: current ad model and/or web access not fully verified,Discovery backlog; not individually verified,"Not playback-tested; verify region, plan and player",Not qualified by this research,Clips/free episodes versus paid BET+.,,,2026-09-06
Crunchyroll Channel,Global and North America,Video,help.crunchyroll.com,F,Free ad-supported offering documented,Model documented,"Not playback-tested; verify region, plan and player",Not qualified by this research,Free linear channel on partner platforms; do not treat paid Crunchyroll app as the same service.,https://help.crunchyroll.com/article/crunchyroll-channel,Crunchyroll Channel,2026-09-06
RetroCrush,Global and North America,Video,retrocrush.tv,U,Research candidate: current ad model and/or web access not fully verified,Partial official/secondary evidence; qualify,"Not playback-tested; verify region, plan and player",Not qualified by this research,"A free RetroCrush channel is listed on Plex. This verifies a distributor surface, not current standalone retrocrush.tv playback or ad behavior.",https://watch.plex.tv/live-tv/channel/retrocrush?autoplay=1,RetroCrush,2026-09-06
AsianCrush,Global and North America,Video,asiancrush.com,U,Research candidate: current ad model and/or web access not fully verified,Discovery backlog; not individually verified,"Not playback-tested; verify region, plan and player",Not qualified by this research,Asian-film free/premium candidate.,,,2026-09-06
Midnight Pulp,Global and North America,Video,midnightpulp.com,U,Research candidate: current ad model and/or web access not fully verified,Discovery backlog; not individually verified,"Not playback-tested; verify region, plan and player",Not qualified by this research,Genre-film free/premium candidate.,,,2026-09-06
Rakuten Viki,Global and North America,Video,viki.com,M,Free/paid or mixed ad-supported offering documented,Model documented,"Not playback-tested; verify region, plan and player",Not qualified by this research,Free with ads plus Viki Pass; catalog varies by territory.,https://global.rakuten.com/corp/news/press/2024/1118_01.html,"Rakuten Viki Celebrates Second Annual International K-Drama Day on November 29 | Rakuten Group, Inc.",2026-09-06
OnDemandKorea,Global and North America,Video,ondemandkorea.com,M,Free/paid or mixed ad-supported offering documented,Model documented,"Not playback-tested; verify region, plan and player",Not qualified by this research,Official pages document free episodes and advertising on free content; paid plans can reduce ads rather than remove every ad. Qualify free VOD separately from sports and premium titles.,https://www.ondemandkorea.com/en/search ; https://www.contentpromo.ondemandkorea.com/standard-en,"Watch Korean Dramas, Movies Online I OnDemandKorea ; odk_membership_standard_en | contentpromo",2026-09-06
OnDemandChina,Global and North America,Video,ondemandchina.com,U,Research candidate: current ad model and/or web access not fully verified,Discovery backlog; not individually verified,"Not playback-tested; verify region, plan and player",Not qualified by this research,Chinese-language diaspora VOD candidate.,,,2026-09-06
KOCOWA+,Global and North America,Video,kocowa.com,U,Research candidate: current ad model and/or web access not fully verified,Discovery backlog; not individually verified,"Not playback-tested; verify region, plan and player",Not qualified by this research,Check current free sampling versus subscription; do not assume full free catalog.,,,2026-09-06
CBC Gem,Canada,Video,gem.cbc.ca,M,Free/paid or mixed ad-supported offering documented,Model documented,"Not playback-tested; verify region, plan and player",Not qualified by this research,"CBC advertising sales page confirms no-cost viewing and paid ad-free videos, with Web/App audience reporting. Canadian availability; live and pause ads require separate qualification.",https://solutionsmedia.cbcrc.ca/en/platforms/cbc-gem ; https://apps.apple.com/ca/app/cbc-gem-movies-tv-live/id422191503?ls=1,"CBC Gem - CBC & Radio-Canada Media Solutions ; ‎CBC Gem: Movies, TV & Live App - App Store",2026-09-06
CTV,Canada,Video,ctv.ca,U,Research candidate: current ad model and/or web access not fully verified,Partial official/secondary evidence; qualify,"Not playback-tested; verify region, plan and player",Not qualified by this research,Check current free player and Crave integration; provider locks vary.,https://www.bellmedia.ca/the-lede/press/2026-2027-bell-media-upfront-acquisitions-ctv-and-crave/,2026-2027 BELL MEDIA UPFRONT ACQUISITIONS – CTV and Crave - Bell Media,2026-09-06
Crave,Canada,Video,crave.ca,P,Paid ad-supported offering documented; not generally free,Model documented,"Not playback-tested; verify region, plan and player",Not qualified by this research,Current Standard With Ads documented by Bell; do not assume all Crave is free.,https://www.bell.ca/mobility/promotions/Crave-plans,Crave plans | Bell Mobility | Bell Canada,2026-09-06
Global TV,Canada,Video,globaltv.com,U,Research candidate: current ad model and/or web access not fully verified,Discovery backlog; not individually verified,"Not playback-tested; verify region, plan and player",Not qualified by this research,Catch-up/free clips versus provider-locked library.,,,2026-09-06
Citytv,Canada,Video,citytv.com,U,Research candidate: current ad model and/or web access not fully verified,Discovery backlog; not individually verified,"Not playback-tested; verify region, plan and player",Not qualified by this research,Free catch-up and provider-specific restrictions.,,,2026-09-06
Noovo,Canada,Video,noovo.ca,U,Research candidate: current ad model and/or web access not fully verified,Partial official/secondary evidence; qualify,"Not playback-tested; verify region, plan and player",Not qualified by this research,Check Noovo/Crave player integration.,https://www.crave.ca/en/noovo,Crave Noovo,2026-09-06
TVA+,Canada,Video,tvaplus.ca,U,Research candidate: current ad model and/or web access not fully verified,Discovery backlog; not individually verified,"Not playback-tested; verify region, plan and player",Not qualified by this research,French-language broadcaster candidate.,,,2026-09-06
Télé-Québec,Canada,Video,telequebec.tv,U,Research candidate: current ad model and/or web access not fully verified,Discovery backlog; not individually verified,"Not playback-tested; verify region, plan and player",Not qualified by this research,Public broadcaster; verify ad/underwriting placement by program.,,,2026-09-06
ICI TOU.TV,Canada,Video,ici.tou.tv,U,Research candidate: current ad model and/or web access not fully verified,Discovery backlog; not individually verified,"Not playback-tested; verify region, plan and player",Not qualified by this research,Free and EXTRA subscription surfaces differ.,,,2026-09-06
ITVX,UK and Ireland,Video,itv.com,M,Free/paid or mixed ad-supported offering documented,Model documented,"Not playback-tested; verify region, plan and player",Not qualified by this research,Free ads and Premium; live channels still have ads.,https://help.itv.com/support/solutions/articles/204000073725-why-does-itvx-have-ads- ; https://help.itv.com/support/solutions/articles/204000074053/create_ticket,Why does ITVX have ads? : ; I'm subscribed but still seeing adverts :,2026-09-06
Channel 4,UK and Ireland,Video,channel4.com,M,Free/paid or mixed ad-supported offering documented,Model documented,"Not playback-tested; verify region, plan and player",Not qualified by this research,Former All 4; free streaming with optional Channel 4+ ad-free offering.,https://www.channel4.com/press/news/channel-4-brings-iconic-blocks-back-together-single-brand-streaming-future ; https://assets-corporate.channel4.com/_flysystem/s3/2024-01/Fast%20Forward%20-%20Channel%204%20strategy%20summary.pdf,"Channel 4 brings iconic blocks back together for single brand streaming future | Channel 4 ; To transform Channel 4 into a genuinely digital-first public service streamer, Fast Forward has three key strategic pillars:",2026-09-06
5,UK and Ireland,Video,channel5.com,U,Research candidate: current ad model and/or web access not fully verified,Partial official/secondary evidence; qualify,"Not playback-tested; verify region, plan and player",Not qualified by this research,"Current combined Channel 5/My5 brand; free service verified, exact player ad behavior needs test.",https://www.viacomcbs-mediahub.co.uk/press-releases/%E2%80%98it%E2%80%99s-all-on-5%E2%80%99-%E2%80%93-channel-5-and-my5-combine-under-a-single-brand-following-record-growth-in-streaming-viewing-,‘It’s all on 5’ – Channel 5 and My5 combine under a single brand following record growth in streaming viewing - Paramount,2026-09-06
U,UK and Ireland,Video,u.co.uk,F,Free ad-supported offering documented,Model documented,"Not playback-tested; verify region, plan and player",Not qualified by this research,Former UKTV Play; free ad-funded streaming documented.,https://u.co.uk/help/faqs,U Frequently Asked Questions | Help | FAQs | Watch TV on U,2026-09-06
STV Player,UK and Ireland,Video,player.stv.tv,M,Free/paid or mixed ad-supported offering documented,Model documented,"Not playback-tested; verify region, plan and player",Not qualified by this research,Free with ads; subscription/live exceptions.,https://support.stv.tv/support/subscription-pricing ; https://support.stv.tv/support/why-does-stv-player-have-ads-,Subscription Pricing ; Why does STV Player have ads?,2026-09-06
RTÉ Player,UK and Ireland,Video,rte.ie,B,Broadcast advertising documented; separate ad segment not established,Model documented,"Not playback-tested; verify region, plan and player",Not qualified by this research,Live sports sponsorship/ad breaks confirmed; VOD must be tested separately.,https://about.rte.ie/2026/06/03/rte-unveils-heineken-0-0-as-broadcast-sponsor-of-fifa-world-cup-2026-coverage/,RTÉ unveils Heineken 0.0 as broadcast sponsor of FIFA World Cup 2026 coverage – About RTÉ,2026-09-06
Virgin Media Play,UK and Ireland,Video,virginmediatelevision.ie,F,Free ad-supported offering documented,Model documented,"Not playback-tested; verify region, plan and player",Not qualified by this research,Free Irish catch-up/live funded by advertising.,https://www.virginmediatelevision.ie/player-faq,Virgin Media Television - FAQ,2026-09-06
TG4 Player,UK and Ireland,Video,tg4.ie,U,Research candidate: current ad model and/or web access not fully verified,Discovery backlog; not individually verified,"Not playback-tested; verify region, plan and player",Not qualified by this research,Irish-language live/catch-up candidate; verify specific ad surfaces.,,,2026-09-06
NOW,UK and Ireland,Video,nowtv.com,P,Paid ad-supported offering documented; not generally free,Model documented,"Not playback-tested; verify region, plan and player",Not qualified by this research,Paid on-demand includes ads without Boost/Ultra Boost; live-channel ads remain.,https://www.nowtv.com/gb/help/article/can-i-watch-without-ads,Ads On NOW,2026-09-06
Sky Go,UK and Ireland,Video,sky.com,U,Research candidate: current ad model and/or web access not fully verified,Discovery backlog; not individually verified,"Not playback-tested; verify region, plan and player",Not qualified by this research,Paid/provider-authenticated channels; broadcast ads.,,,2026-09-06
TF1+,France and pan-European services,Video,tf1.fr,M,Free/paid or mixed ad-supported offering documented,Model documented,"Not playback-tested; verify region, plan and player",Not qualified by this research,Free ad-funded catalog; Premium and live exceptions. Former MYTF1.,https://help.tf1.fr/hc/fr/articles/16165591640338-Pourquoi-je-ne-peux-pas-acc%C3%A9der-gratuitement-aux-programmes-et-au-direct-de-cha%C3%AEnes-sur-TF1 ; https://help.tf1.fr/hc/fr/articles/16165603277074-TF1-une-offre-payante-ou-gratuite,"Pourquoi je ne peux pas accéder gratuitement aux programmes et au direct de chaînes sur TF1+ ? – Centre d'aide de TF1+ ; TF1+, une offre payante ? ou gratuite ? – Centre d'aide de TF1+",2026-09-06
M6+,France and pan-European services,Video,m6.fr,M,Free/paid or mixed ad-supported offering documented,Model documented,"Not playback-tested; verify region, plan and player",Not qualified by this research,Free ad-funded with paid options. Former 6play.,https://support.m6plus.m6.fr/hc/fr/articles/27304420678300-Pourquoi-je-ne-peux-pas-acc%C3%A9der-gratuitement-aux-programmes-et-au-direct-de-cha%C3%AEnes-sur-M6 ; https://support.m6plus.m6.fr/hc/fr/articles/13284090995612-Pourquoi-y-a-t-il-des-publicit%C3%A9s-lorsque-je-regarde-un-programme-sur-M6,Pourquoi je ne peux pas accéder gratuitement aux programmes et au direct de chaînes sur M6+ ? – Accéder à M6+ ; Pourquoi y a t-il des publicités lorsque je regarde un programme sur M6+ ? – Accéder à M6+,2026-09-06
france.tv,France and pan-European services,Video,france.tv,F,Free ad-supported offering documented,Model documented,"Not playback-tested; verify region, plan and player",Not qualified by this research,"Official ad-sales site documents free streaming and advertising formats. This establishes an advertising offering, not ads on every program or a skippable segment; qualify children/live/VOD separately.",https://www.francetvpub.fr/marques/france-tv/ ; https://www.francetvpub.fr/?jet_download=33025,"France.tv - France•TV Publicité ; P U B L I C I T É , ",2026-09-06
Molotov,France and pan-European services,Video,molotov.tv,U,Research candidate: current ad model and/or web access not fully verified,Discovery backlog; not individually verified,"Not playback-tested; verify region, plan and player",Not qualified by this research,Free/paid channel packages; web playback eligibility needs checking.,,,2026-09-06
Rakuten TV,France and pan-European services,Video,rakuten.tv,M,Free/paid or mixed ad-supported offering documented,Model documented,"Not playback-tested; verify region, plan and player",Not qualified by this research,Free ad-supported selection plus transactions; website login needed for Free.,https://support.rakuten.tv/hc/en-us/articles/360036407474-What-is-Rakuten-TV-Free ; https://support.rakuten.tv/hc/en-us/articles/360010835133-Technical-requirements-to-use-Rakuten-TV-on-your-Computer,"What is ""Rakuten TV Free""? – Help Rakuten.TV ; Technical requirements to use Rakuten TV on your Computer – Help Rakuten.TV",2026-09-06
Samsung TV Plus,France and pan-European services,Video,samsungtvplus.com,F,Free ad-supported offering documented,Model documented,"Not playback-tested; verify region, plan and player",Not qualified by this research,Samsung documents FAST advertising and US web-player access. Service availability in other countries does not prove the same browser access. Live playback untested.,https://www.samsung.com/us/tvs/smart-tv/samsung-tv-plus/ ; https://www.samsung.com/us/business/samsungads/blog/2025-newfront-highlights/,Smart TVs | Free Live TV with Samsung TV Plus | Samsung US ; 2025 NewFront Highlights | Blog | Samsung Ads,2026-09-06
LG Channels,France and pan-European services,Video,lgchannels.com,F,Free ad-supported offering documented,Model documented,"Not playback-tested; verify region, plan and player",Not qualified by this research,LG documents free ad-supported channels and US PC-browser access. Global service country counts include device distribution and do not establish browser availability everywhere.,https://www.lg.com/us/lg-channels ; https://www.lgchannels.com/ ; https://www.lg.com/global/newsroom/news/media-entertainment-solution/lg-channels-surpasses-5000-channels-globally-as-poland-launch-brings-service-to-37-countries/,"LG Channels | Free Live TV, Movies, and Shows | LG USA ; LG Channels WEB ; LG Channels Surpasses 5,000 Channels Globally, as Poland Launch Brings Service to 37 Countries",2026-09-06
rlaxx TV,France and pan-European services,Video,rlaxxtv.com,U,Research candidate: current ad model and/or web access not fully verified,Partial official/secondary evidence; qualify,"Not playback-tested; verify region, plan and player",Not qualified by this research,Historical free service evidence; current availability/browser viability must be rechecked.,https://filmzie.com/blog/2021/02/24/filmzie-is-now-available-on-rlaxx-tv/,Filmzie is now available on rlaxx TV - Filmzie Blog,2026-09-06
wedotv,France and pan-European services,Video,wedotv.com,F,Free ad-supported offering documented,Model documented,"Not playback-tested; verify region, plan and player",Not qualified by this research,Official editorial page describes free advertising-funded movies/series; privacy center documents video and ad events. Current territory and desktop playback remain untested.,https://blog.wedotv.com/en/article/what-is-avod ; https://wedotv.com/dsa/,What Is AVOD? Ad-Supported Streaming Explained | wedotv ; wedotv | privacy center,2026-09-06
Tivify,France and pan-European services,Video,tivify.tv,U,Research candidate: current ad model and/or web access not fully verified,Discovery backlog; not individually verified,"Not playback-tested; verify region, plan and player",Not qualified by this research,Spanish free/paid TV packages; verify current eligibility.,,,2026-09-06
SkyShowtime,France and pan-European services,Video,skyshowtime.com,P,Paid ad-supported offering documented; not generally free,Model documented,"Not playback-tested; verify region, plan and player",Not qualified by this research,Paid Standard with Ads across relevant European markets.,https://corporate.skyshowtime.com/234778-skyshowtime-announces-introduction-of-new-standard-with-ads-plan/ ; https://corporate.skyshowtime.com/242082-skyshowtime-introduces-a-new-premium-subscription-plan/,SkyShowtime announces introduction of new Standard with Ads plan | SkyShowtime Newsroom ; SkyShowtime introduces a new Premium subscription plan | SkyShowtime Newsroom,2026-09-06
Joyn Germany,Germany Austria Switzerland,Video,joyn.de,M,Free/paid or mixed ad-supported offering documented,Model documented,"Not playback-tested; verify region, plan and player",Not qualified by this research,Free ad-funded service plus paid Joyn+; distinguish live from VOD.,https://www.joyn.de/joyn-plus ; https://www.joyn.de/bts/themen/service/warum-werbung-19845,Dein Joyn+ Abo abschließen | Joyn ; Warum Werbung?,2026-09-06
Joyn Austria,Germany Austria Switzerland,Video,joyn.at,F,Free ad-supported offering documented,Model documented,"Not playback-tested; verify region, plan and player",Not qualified by this research,Owner explicitly documents Austria free ad-funded live/on-demand service and joyn.at access in May 2026. Separate from the German surface; actual player/ad behavior untested.,https://www.prosiebensat1puls4.com/n/sevenone-austria/,Seven.One Austria: Eine neue Marke für geballte Vermarktungspower der ProSiebenSat.1 PULS 4 Gruppe & JOYN Österreich,2026-09-06
RTL+ Germany,Germany Austria Switzerland,Video,plus.rtl.de,M,Free/paid or mixed ad-supported offering documented,Model documented,"Not playback-tested; verify region, plan and player",Not qualified by this research,Official terms document Free with advertising; paid plans also differ.,https://assets.plus.rtl.de/bouncer/agb.html,AGB - Rechtliche Informationen für unsere Dienstleistungen | RTL+,2026-09-06
Zattoo,Germany Austria Switzerland,Video,zattoo.com,M,Free/paid or mixed ad-supported offering documented,Model documented,"Not playback-tested; verify region, plan and player",Not qualified by this research,Free ad-funded Germany/Switzerland; channel/device restrictions.,https://support.zattoo.com/hc/de/articles/34124449157010-Werbung-auf-Zattoo-mit-und-ohne-Abonnement ; https://support.zattoo.com/hc/en-us/articles/34277042164626-Zattoo-prices-and-features-at-a-glance,Werbung auf Zattoo – mit und ohne Abonnement – Zattoo Support ; Zattoo prices and features at a glance – Zattoo Support,2026-09-06
waipu.tv,Germany Austria Switzerland,Video,waipu.tv,U,Research candidate: current ad model and/or web access not fully verified,Discovery backlog; not individually verified,"Not playback-tested; verify region, plan and player",Not qualified by this research,Free/paid TV candidate; some channels/device limits.,,,2026-09-06
ServusTV On,Germany Austria Switzerland,Video,servustv.com,U,Research candidate: current ad model and/or web access not fully verified,Discovery backlog; not individually verified,"Not playback-tested; verify region, plan and player",Not qualified by this research,Free live/catch-up and sports candidate.,,,2026-09-06
ORF ON,Germany Austria Switzerland,Video,on.orf.at,U,Research candidate: current ad model and/or web access not fully verified,Discovery backlog; not individually verified,"Not playback-tested; verify region, plan and player",Not qualified by this research,Public broadcaster; ad treatment and ORF contribution rules vary by content.,,,2026-09-06
RTLplay Luxembourg,Germany Austria Switzerland,Video,rtlplay.lu,U,Research candidate: current ad model and/or web access not fully verified,Discovery backlog; not individually verified,"Not playback-tested; verify region, plan and player",Not qualified by this research,Local multilingual live/catch-up candidate.,,,2026-09-06
RaiPlay,Italy Spain Portugal,Video,raiplay.it,U,Research candidate: current ad model and/or web access not fully verified,Partial official/secondary evidence; qualify,"Not playback-tested; verify region, plan and player",Not qualified by this research,Free public-service VOD/live; verify commercial breaks at runtime.,https://www.rai.it/,Rai.it,2026-09-06
Mediaset Infinity Italy,Italy Spain Portugal,Video,mediasetinfinity.mediaset.it,M,Free/paid or mixed ad-supported offering documented,Model documented,"Not playback-tested; verify region, plan and player",Not qualified by this research,Official GOLD feature reduces advertising interruptions on free content; Infinity+ entitlements separate.,https://help.mediasetinfinity.mediaset.it/hc/it/articles/24880779096977-Scopri-la-GOLD-experience,Scopri la GOLD experience – Mediaset Infinity,2026-09-06
La7,Italy Spain Portugal,Video,la7.it,U,Research candidate: current ad model and/or web access not fully verified,Discovery backlog; not individually verified,"Not playback-tested; verify region, plan and player",Not qualified by this research,Free broadcaster live/catch-up candidate.,,,2026-09-06
Mediaset Infinity Spain,Italy Spain Portugal,Video,mediasetinfinity.es,F,Free ad-supported offering documented,Model documented,"Not playback-tested; verify region, plan and player",Not qualified by this research,Former Mitele; free catalog and digital advertising documented. Validate current redirects/hostname before code.,https://www.mediaset.es/comunicacion/corporativo/publiespana/20250624/publiespana-ad-infinity_18_015948269.html,"Publiespaña revoluciona la publicidad digital con Ad Infinity, nueva solución integrada en la nueva plataforma Mediaset Infinity",2026-09-06
Atresplayer,Italy Spain Portugal,Video,atresplayer.com,M,Free/paid or mixed ad-supported offering documented,Model documented,"Not playback-tested; verify region, plan and player",Not qualified by this research,"May 2026 official plan article confirms registered free content/live with pre-roll advertising, alongside paid plans. Free catalog is limited; territory and player behavior still need testing.",https://suscripcion.atresplayer.com/hazte-premium/nac/primer/ ; https://www.atresplayer.com/actualidad/cuanto-cuesta-atresplayer-que-planes-ofrece_202605226a108c283ce3f96345d11ea6.html,"Suscripción Atresplayer Premium: Planes y precio ; Todos los planes de suscripción que ofrece atresplayer desde 5,99 euros",2026-09-06
3Cat,Italy Spain Portugal,Video,3cat.cat,U,Research candidate: current ad model and/or web access not fully verified,Discovery backlog; not individually verified,"Not playback-tested; verify region, plan and player",Not qualified by this research,Catalan broadcaster; verify sponsorship/commercial placements.,,,2026-09-06
À Punt,Italy Spain Portugal,Video,apuntmedia.es,U,Research candidate: current ad model and/or web access not fully verified,Discovery backlog; not individually verified,"Not playback-tested; verify region, plan and player",Not qualified by this research,Valencian broadcaster live/catch-up candidate.,,,2026-09-06
EITB Primeran,Italy Spain Portugal,Video,primeran.eus,U,Research candidate: current ad model and/or web access not fully verified,Discovery backlog; not individually verified,"Not playback-tested; verify region, plan and player",Not qualified by this research,Basque streamer; don't assume commercial ads.,,,2026-09-06
RTP Play,Italy Spain Portugal,Video,rtp.pt,U,Research candidate: current ad model and/or web access not fully verified,Discovery backlog; not individually verified,"Not playback-tested; verify region, plan and player",Not qualified by this research,Portuguese public broadcaster; verify ads by program/live channel.,,,2026-09-06
OPTO SIC,Italy Spain Portugal,Video,opto.sic.pt,U,Research candidate: current ad model and/or web access not fully verified,Discovery backlog; not individually verified,"Not playback-tested; verify region, plan and player",Not qualified by this research,Free versus paid content and ad behavior need verification.,,,2026-09-06
TVI Player,Italy Spain Portugal,Video,tviplayer.iol.pt,U,Research candidate: current ad model and/or web access not fully verified,Discovery backlog; not individually verified,"Not playback-tested; verify region, plan and player",Not qualified by this research,Portuguese broadcaster catch-up/live candidate.,,,2026-09-06
NPO Start,Benelux,Video,npostart.nl,U,Research candidate: current ad model and/or web access not fully verified,Partial official/secondary evidence; qualify,"Not playback-tested; verify region, plan and player",Not qualified by this research,"Free/Plus structure; source confirms ad-free Plus, runtime free-tier ads need check.",https://npostart.nl/POW_03915587,Wind River | NPO Start,2026-09-06
KIJK,Benelux,Video,kijk.nl,U,Research candidate: current ad model and/or web access not fully verified,Discovery backlog; not individually verified,"Not playback-tested; verify region, plan and player",Not qualified by this research,Dutch commercial catch-up candidate.,,,2026-09-06
Videoland,Benelux,Video,videoland.com,U,Research candidate: current ad model and/or web access not fully verified,Discovery backlog; not individually verified,"Not playback-tested; verify region, plan and player",Not qualified by this research,Paid Basic-with-ads candidate; current plans need checking.,,,2026-09-06
NLZIET,Benelux,Video,nlziet.nl,U,Research candidate: current ad model and/or web access not fully verified,Discovery backlog; not individually verified,"Not playback-tested; verify region, plan and player",Not qualified by this research,Paid live/catch-up; not a general free streaming service.,,,2026-09-06
VTM GO,Benelux,Video,vtmgo.be,M,Free/paid or mixed ad-supported offering documented,Model documented,"Not playback-tested; verify region, plan and player",Not qualified by this research,Free pre/mid-roll ads; VTM GO+ and live exceptions.,https://customerservice.vtmgo.be/hc/nl/articles/15017407115409-Krijg-ik-reclame-te-zien-en-hoeveel-onderbrekingen-zijn-dat-dan ; https://customerservice.vtmgo.be/hc/nl/articles/14890461272721-Kan-ik-alles-bekijken-zonder-reclame,Krijg ik reclame te zien en hoeveel onderbrekingen zijn dat dan? – Helpcenter VTM GO ; Kan ik alles bekijken zonder reclame? – Helpcenter VTM GO,2026-09-06
Play Belgium,Benelux,Video,play.tv,U,Research candidate: current ad model and/or web access not fully verified,Discovery backlog; not individually verified,"Not playback-tested; verify region, plan and player",Not qualified by this research,Former GoPlay naming/host must be checked; local commercial broadcaster.,,,2026-09-06
VRT MAX,Benelux,Video,vrt.be,U,Research candidate: current ad model and/or web access not fully verified,Discovery backlog; not individually verified,"Not playback-tested; verify region, plan and player",Not qualified by this research,Public broadcaster; sponsorship/promotion may differ from conventional ads.,,,2026-09-06
RTBF Auvio,Benelux,Video,auvio.rtbf.be,U,Research candidate: current ad model and/or web access not fully verified,Discovery backlog; not individually verified,"Not playback-tested; verify region, plan and player",Not qualified by this research,Belgian French-language free/premium candidate.,,,2026-09-06
RTL play Belgium,Benelux,Video,rtlplay.be,U,Research candidate: current ad model and/or web access not fully verified,Discovery backlog; not individually verified,"Not playback-tested; verify region, plan and player",Not qualified by this research,Regional commercial broadcaster candidate; distinct from RTL+ Germany.,,,2026-09-06
TV4 Play,Nordics,Video,tv4play.se,M,Free/paid or mixed ad-supported offering documented,Model documented,"Not playback-tested; verify region, plan and player",Not qualified by this research,Free and paid-with-ads; sport/live can retain commercial breaks.,https://www.tv4play.se/var-behandlar-vi-datan ; https://www.tv4play.se/paket?return=%2Fkanaler%2Ftabla%3Fd%3D2026-03-11,TV4 Play data and advertising ; Paket och priser,2026-09-06
Ruutu,Nordics,Video,ruutu.fi,M,Free/paid or mixed ad-supported offering documented,Model documented,"Not playback-tested; verify region, plan and player",Not qualified by this research,Free Pluto catalog and paid Ruutu+ with ads.,https://asiakastuki.ruutu.fi/article/152-ruudun-hinnasto ; https://www.ruutu.fi/plutotv-sisaltokirjasto,Ruudun hinnasto - Ruutu-käyttäjätuki ; Ruutu - ei koskaan tylsää hetkeä.,2026-09-06
MTV Katsomo,Nordics,Video,mtv.fi,U,Research candidate: current ad model and/or web access not fully verified,Partial official/secondary evidence; qualify,"Not playback-tested; verify region, plan and player",Not qualified by this research,Finnish free/paid service confirmed; current advertising tier details need checking.,https://www.mtv.fi/kayttoehdot,MTV terms of use,2026-09-06
TV 2 Play Denmark,Nordics,Video,play.tv2.dk,U,Research candidate: current ad model and/or web access not fully verified,Discovery backlog; not individually verified,"Not playback-tested; verify region, plan and player",Not qualified by this research,Paid with-ads candidate; distinguish broadcast from VOD.,,,2026-09-06
TV 2 Play Norway,Nordics,Video,play.tv2.no,U,Research candidate: current ad model and/or web access not fully verified,Discovery backlog; not individually verified,"Not playback-tested; verify region, plan and player",Not qualified by this research,Separate Norwegian service; current plan/ad details need checking.,,,2026-09-06
Viaplay,Nordics,Video,viaplay.com,P,Paid ad-supported offering documented; not generally free,Model documented,"Not playback-tested; verify region, plan and player",Not qualified by this research,Paid with-ads packages and live-ad exceptions; verify each country.,https://help.viaplay.com/is/advertisements-on-viaplay/,Advertisements on Viaplay - Customer Service,2026-09-06
Player Poland,Central Eastern Europe and Balkans,Video,player.pl,M,Free/paid or mixed ad-supported offering documented,Model documented,"Not playback-tested; verify region, plan and player",Not qualified by this research,Free channels and paid ad-free offering; verify ad behavior by package.,https://promocja.player.pl/sprawdz-oferte-ogladaj-wiecej ; https://www.promocja.player.pl/bez-reklam,"Twoje ulubione seriale i programy w Playerze – sprawdź, jaki pakiet wybrać ; Sprawdź pakiet, z którym oglądasz bez reklam!",2026-09-06
TVP VOD,Central Eastern Europe and Balkans,Video,vod.tvp.pl,U,Research candidate: current ad model and/or web access not fully verified,Partial official/secondary evidence; qualify,"Not playback-tested; verify region, plan and player",Not qualified by this research,Official player offers with/without ads; access model and individual titles need check.,https://vod.tvp.pl/na-zywo,"Vod.tvp.pl - oglądaj filmy, seriale, programy i tv na żywo - Telewizja Polska S.A.",2026-09-06
Polsat Box Go,Central Eastern Europe and Balkans,Video,polsatboxgo.pl,U,Research candidate: current ad model and/or web access not fully verified,Discovery backlog; not individually verified,"Not playback-tested; verify region, plan and player",Not qualified by this research,Free clips/paid packages and live TV candidate.,,,2026-09-06
WP Pilot,Central Eastern Europe and Balkans,Video,pilot.wp.pl,U,Research candidate: current ad model and/or web access not fully verified,Discovery backlog; not individually verified,"Not playback-tested; verify region, plan and player",Not qualified by this research,Free/paid internet TV candidate.,,,2026-09-06
TVP Sport,Central Eastern Europe and Balkans,Video,sport.tvp.pl,U,Research candidate: current ad model and/or web access not fully verified,Discovery backlog; not individually verified,"Not playback-tested; verify region, plan and player",Not qualified by this research,Polish sports highlights/live candidate.,,,2026-09-06
prima+,Central Eastern Europe and Balkans,Video,primaplus.cz,U,Research candidate: current ad model and/or web access not fully verified,Partial official/secondary evidence; qualify,"Not playback-tested; verify region, plan and player",Not qualified by this research,Czech Free/Light/Premium candidate; current plan comparison needed.,https://www.primaplus.cz/,"prima+ | sledujte filmy, seriály a pořady TV Prima na Prima plus",2026-09-06
Oneplay,Central Eastern Europe and Balkans,Video,oneplay.cz,U,Research candidate: current ad model and/or web access not fully verified,Discovery backlog; not individually verified,"Not playback-tested; verify region, plan and player",Not qualified by this research,"Czech paid service; successor to Voyo/O2 TV offerings, verify exact migration.",,,2026-09-06
JOJ Play,Central Eastern Europe and Balkans,Video,jojplay.sk,U,Research candidate: current ad model and/or web access not fully verified,Discovery backlog; not individually verified,"Not playback-tested; verify region, plan and player",Not qualified by this research,Slovak free/premium candidate.,,,2026-09-06
Voyo Slovakia,Central Eastern Europe and Balkans,Video,voyo.markiza.sk,U,Research candidate: current ad model and/or web access not fully verified,Discovery backlog; not individually verified,"Not playback-tested; verify region, plan and player",Not qualified by this research,Paid service; not assumed free with ads.,,,2026-09-06
RTL+ Hungary,Central Eastern Europe and Balkans,Video,rtlplusz.hu,U,Research candidate: current ad model and/or web access not fully verified,Partial official/secondary evidence; qualify,"Not playback-tested; verify region, plan and player",Not qualified by this research,Ads confirmed; free/Active/Premium eligibility differs.,https://rtl.hu/ugyfelszolgalat/tartalmak-fogyasztasa ; https://rtl.hu/rtlplusz,"RTL.hu – _Ügyfélszolgálat/Tartalmak fogyasztása, kérdések & válaszok! ; RTL+ Hungary plans",2026-09-06
TV2 Play Hungary,Central Eastern Europe and Balkans,Video,tv2play.hu,U,Research candidate: current ad model and/or web access not fully verified,Discovery backlog; not individually verified,"Not playback-tested; verify region, plan and player",Not qualified by this research,Hungarian broadcaster; separate from Nordic TV 2 Play products.,,,2026-09-06
AntenaPLAY,Central Eastern Europe and Balkans,Video,antenaplay.ro,U,Research candidate: current ad model and/or web access not fully verified,Discovery backlog; not individually verified,"Not playback-tested; verify region, plan and player",Not qualified by this research,Romanian paid live/VOD candidate.,,,2026-09-06
VOYO Romania,Central Eastern Europe and Balkans,Video,voyo.protv.ro,U,Research candidate: current ad model and/or web access not fully verified,Discovery backlog; not individually verified,"Not playback-tested; verify region, plan and player",Not qualified by this research,Paid service; free clips may be on broadcaster sites.,,,2026-09-06
VOYO Croatia,Central Eastern Europe and Balkans,Video,voyo.rtl.hr,U,Research candidate: current ad model and/or web access not fully verified,Discovery backlog; not individually verified,"Not playback-tested; verify region, plan and player",Not qualified by this research,Paid service; country-specific ads/live rights.,,,2026-09-06
VOYO Slovenia,Central Eastern Europe and Balkans,Video,voyo.si,U,Research candidate: current ad model and/or web access not fully verified,Discovery backlog; not individually verified,"Not playback-tested; verify region, plan and player",Not qualified by this research,Paid service; no general free catalog assumed.,,,2026-09-06
VOYO Bulgaria,Central Eastern Europe and Balkans,Video,voyo.bg,U,Research candidate: current ad model and/or web access not fully verified,Discovery backlog; not individually verified,"Not playback-tested; verify region, plan and player",Not qualified by this research,Paid service; free bTV clips separate.,,,2026-09-06
bTV Plus,Central Eastern Europe and Balkans,Video,btvplus.bg,U,Research candidate: current ad model and/or web access not fully verified,Discovery backlog; not individually verified,"Not playback-tested; verify region, plan and player",Not qualified by this research,Bulgarian catch-up candidate; current availability needs checking.,,,2026-09-06
Nova Play Bulgaria,Central Eastern Europe and Balkans,Video,play.nova.bg,U,Research candidate: current ad model and/or web access not fully verified,Discovery backlog; not individually verified,"Not playback-tested; verify region, plan and player",Not qualified by this research,Commercial broadcaster catch-up candidate.,,,2026-09-06
EON,Central Eastern Europe and Balkans,Video,eon.tv,U,Research candidate: current ad model and/or web access not fully verified,Discovery backlog; not individually verified,"Not playback-tested; verify region, plan and player",Not qualified by this research,Paid regional TV aggregator; country/provider entitlement needed.,,,2026-09-06
ANT1+,Central Eastern Europe and Balkans,Video,antennaplus.gr,U,Research candidate: current ad model and/or web access not fully verified,Discovery backlog; not individually verified,"Not playback-tested; verify region, plan and player",Not qualified by this research,Greek free/paid surfaces and ad tier need verification.,,,2026-09-06
MEGA Play,Central Eastern Europe and Balkans,Video,megatv.com,U,Research candidate: current ad model and/or web access not fully verified,Discovery backlog; not individually verified,"Not playback-tested; verify region, plan and player",Not qualified by this research,Greek free broadcaster live/catch-up candidate.,,,2026-09-06
SKAI,Central Eastern Europe and Balkans,Video,skai.gr,U,Research candidate: current ad model and/or web access not fully verified,Discovery backlog; not individually verified,"Not playback-tested; verify region, plan and player",Not qualified by this research,Greek free broadcaster video/live candidate.,,,2026-09-06
Alpha TV Greece,Central Eastern Europe and Balkans,Video,alphatv.gr,U,Research candidate: current ad model and/or web access not fully verified,Discovery backlog; not individually verified,"Not playback-tested; verify region, plan and player",Not qualified by this research,Greek broadcaster catch-up candidate.,,,2026-09-06
puhutv,Turkey Caucasus CIS Ukraine Baltics,Video,puhutv.com,U,Research candidate: current ad model and/or web access not fully verified,Partial official/secondary evidence; qualify,"Not playback-tested; verify region, plan and player",Not qualified by this research,Free browser service confirmed; ad behavior needs current playback check.,https://puhutv.com/yardim-merkezi,puhutv | Sen Nasıl İzlersen,2026-09-06
tabii,Turkey Caucasus CIS Ukraine Baltics,Video,tabii.com,U,Research candidate: current ad model and/or web access not fully verified,Partial official/secondary evidence; qualify,"Not playback-tested; verify region, plan and player",Not qualified by this research,Regional free/premium offering; app being free is not proof that programs are free.,https://www.tabii.com/en,tabii - Watch TV Shows Movies and Series,2026-09-06
Exxen,Turkey Caucasus CIS Ukraine Baltics,Video,exxen.com,U,Research candidate: current ad model and/or web access not fully verified,Discovery backlog; not individually verified,"Not playback-tested; verify region, plan and player",Not qualified by this research,Paid with/without ads candidate; inspect current plans.,,,2026-09-06
GAIN,Turkey Caucasus CIS Ukraine Baltics,Video,gain.tv,U,Research candidate: current ad model and/or web access not fully verified,Discovery backlog; not individually verified,"Not playback-tested; verify region, plan and player",Not qualified by this research,Subscription service; do not assume free/ad-supported access.,,,2026-09-06
TOD,Turkey Caucasus CIS Ukraine Baltics,Video,tod.tv,U,Research candidate: current ad model and/or web access not fully verified,Discovery backlog; not individually verified,"Not playback-tested; verify region, plan and player",Not qualified by this research,Paid sports/entertainment; broadcast ads versus player ads.,,,2026-09-06
Kanal D,Turkey Caucasus CIS Ukraine Baltics,Video,kanald.com.tr,U,Research candidate: current ad model and/or web access not fully verified,Discovery backlog; not individually verified,"Not playback-tested; verify region, plan and player",Not qualified by this research,Free Turkish episodes/live candidate.,,,2026-09-06
ATV Turkey,Turkey Caucasus CIS Ukraine Baltics,Video,atv.com.tr,U,Research candidate: current ad model and/or web access not fully verified,Discovery backlog; not individually verified,"Not playback-tested; verify region, plan and player",Not qualified by this research,Free Turkish episodes/live candidate.,,,2026-09-06
Show TV,Turkey Caucasus CIS Ukraine Baltics,Video,showtv.com.tr,U,Research candidate: current ad model and/or web access not fully verified,Discovery backlog; not individually verified,"Not playback-tested; verify region, plan and player",Not qualified by this research,Free Turkish episodes/live candidate.,,,2026-09-06
Star TV Turkey,Turkey Caucasus CIS Ukraine Baltics,Video,startv.com.tr,U,Research candidate: current ad model and/or web access not fully verified,Discovery backlog; not individually verified,"Not playback-tested; verify region, plan and player",Not qualified by this research,Free Turkish episodes/live candidate.,,,2026-09-06
NOW Turkey,Turkey Caucasus CIS Ukraine Baltics,Video,nowtv.com.tr,U,Research candidate: current ad model and/or web access not fully verified,Discovery backlog; not individually verified,"Not playback-tested; verify region, plan and player",Not qualified by this research,"Turkish broadcaster, distinct from UK NOW.",,,2026-09-06
Ivi,Turkey Caucasus CIS Ukraine Baltics,Video,ivi.ru,M,Free/paid or mixed ad-supported offering documented,Model documented,"Not playback-tested; verify region, plan and player",Not qualified by this research,Free content interrupted by ads documented; subscription and live exceptions.,https://ask.ivi.ru/knowledge-bases/10/articles/41543-reklama-na-sajte-ivi-sdelat-eyo-menshe-ili-sovsem-ubrat ; https://www.ivi.ru/pages/agreement/agreement.txt,Реклама на сайте Иви (сделать её меньше или совсем убрать) / Иви ; Ivi service agreement,2026-09-06
Kinopoisk,Turkey Caucasus CIS Ukraine Baltics,Video,hd.kinopoisk.ru,U,Research candidate: current ad model and/or web access not fully verified,Discovery backlog; not individually verified,"Not playback-tested; verify region, plan and player",Not qualified by this research,Paid and any free/ad experiments require local account testing.,,,2026-09-06
Okko,Turkey Caucasus CIS Ukraine Baltics,Video,okko.tv,U,Research candidate: current ad model and/or web access not fully verified,Discovery backlog; not individually verified,"Not playback-tested; verify region, plan and player",Not qualified by this research,Paid VOD/live; verify any free streams.,,,2026-09-06
Wink,Turkey Caucasus CIS Ukraine Baltics,Video,wink.ru,U,Research candidate: current ad model and/or web access not fully verified,Discovery backlog; not individually verified,"Not playback-tested; verify region, plan and player",Not qualified by this research,TV/VOD; inspect current free/ad-funded availability.,,,2026-09-06
KION,Turkey Caucasus CIS Ukraine Baltics,Video,kion.ru,U,Research candidate: current ad model and/or web access not fully verified,Discovery backlog; not individually verified,"Not playback-tested; verify region, plan and player",Not qualified by this research,Subscription plus selected free access candidate.,,,2026-09-06
START,Turkey Caucasus CIS Ukraine Baltics,Video,start.ru,U,Research candidate: current ad model and/or web access not fully verified,Discovery backlog; not individually verified,"Not playback-tested; verify region, plan and player",Not qualified by this research,Primarily subscription; ads/free portions unconfirmed.,,,2026-09-06
PREMIER,Turkey Caucasus CIS Ukraine Baltics,Video,premier.one,U,Research candidate: current ad model and/or web access not fully verified,Discovery backlog; not individually verified,"Not playback-tested; verify region, plan and player",Not qualified by this research,Primarily subscription; ads/free portions unconfirmed.,,,2026-09-06
Smotrim,Turkey Caucasus CIS Ukraine Baltics,Video,smotrim.ru,U,Research candidate: current ad model and/or web access not fully verified,Discovery backlog; not individually verified,"Not playback-tested; verify region, plan and player",Not qualified by this research,Public broadcaster live/VOD candidate.,,,2026-09-06
RUTUBE,Turkey Caucasus CIS Ukraine Baltics,Video,rutube.ru,U,Research candidate: current ad model and/or web access not fully verified,Discovery backlog; not individually verified,"Not playback-tested; verify region, plan and player",Not qualified by this research,Large creator/video platform; verify current ad placement with primary player evidence.,,,2026-09-06
VK Video,Turkey Caucasus CIS Ukraine Baltics,Video,vkvideo.ru,U,Research candidate: current ad model and/or web access not fully verified,Discovery backlog; not individually verified,"Not playback-tested; verify region, plan and player",Not qualified by this research,Creator/live video candidate; separate from VK Music.,,,2026-09-06
OK Video,Turkey Caucasus CIS Ukraine Baltics,Video,ok.ru,U,Research candidate: current ad model and/or web access not fully verified,Discovery backlog; not individually verified,"Not playback-tested; verify region, plan and player",Not qualified by this research,Social video/live candidate.,,,2026-09-06
Dzen,Turkey Caucasus CIS Ukraine Baltics,Video,dzen.ru,U,Research candidate: current ad model and/or web access not fully verified,Discovery backlog; not individually verified,"Not playback-tested; verify region, plan and player",Not qualified by this research,Publisher/social video candidate.,,,2026-09-06
MEGOGO,Turkey Caucasus CIS Ukraine Baltics,Video,megogo.net,U,Research candidate: current ad model and/or web access not fully verified,Partial official/secondary evidence; qualify,"Not playback-tested; verify region, plan and player",Not qualified by this research,Official ad sales confirmed; free/paid content differs by market.,https://megogo.net/ru/partnership,Сотрудничество - связаться с Megogo,2026-09-06
SWEET.TV,Turkey Caucasus CIS Ukraine Baltics,Video,sweet.tv,U,Research candidate: current ad model and/or web access not fully verified,Discovery backlog; not individually verified,"Not playback-tested; verify region, plan and player",Not qualified by this research,Paid TV/VOD; free trial not counted as free ad-funded tier.,,,2026-09-06
Kyivstar TV,Turkey Caucasus CIS Ukraine Baltics,Video,tv.kyivstar.ua,U,Research candidate: current ad model and/or web access not fully verified,Discovery backlog; not individually verified,"Not playback-tested; verify region, plan and player",Not qualified by this research,Ukraine free/paid TV candidate; carrier/package restrictions.,,,2026-09-06
1+1 video,Turkey Caucasus CIS Ukraine Baltics,Video,1plus1.video,U,Research candidate: current ad model and/or web access not fully verified,Discovery backlog; not individually verified,"Not playback-tested; verify region, plan and player",Not qualified by this research,Ukrainian broadcaster catch-up candidate.,,,2026-09-06
Go3,Turkey Caucasus CIS Ukraine Baltics,Video,go3.tv,U,Research candidate: current ad model and/or web access not fully verified,Discovery backlog; not individually verified,"Not playback-tested; verify region, plan and player",Not qualified by this research,Baltic subscription TV; verify each national service.,,,2026-09-06
TV3 Play Baltics,Turkey Caucasus CIS Ukraine Baltics,Video,tv3play.lv,U,Research candidate: current ad model and/or web access not fully verified,Discovery backlog; not individually verified,"Not playback-tested; verify region, plan and player",Not qualified by this research,Legacy/regional hosts and current free player need checking in Estonia/Latvia/Lithuania.,,,2026-09-06
Aitube,Turkey Caucasus CIS Ukraine Baltics,Video,aitube.kz,U,Research candidate: current ad model and/or web access not fully verified,Discovery backlog; not individually verified,"Not playback-tested; verify region, plan and player",Not qualified by this research,Kazakhstan creator/film platform candidate.,,,2026-09-06
BeeTV Kazakhstan,Turkey Caucasus CIS Ukraine Baltics,Video,beetv.kz,U,Research candidate: current ad model and/or web access not fully verified,Discovery backlog; not individually verified,"Not playback-tested; verify region, plan and player",Not qualified by this research,Carrier TV; entitlement and ad model unconfirmed.,,,2026-09-06
Mediabay,Turkey Caucasus CIS Ukraine Baltics,Video,mediabay.tv,U,Research candidate: current ad model and/or web access not fully verified,Discovery backlog; not individually verified,"Not playback-tested; verify region, plan and player",Not qualified by this research,Central Asian TV/VOD candidate.,,,2026-09-06
iTV Uzbekistan,Turkey Caucasus CIS Ukraine Baltics,Video,itv.uz,U,Research candidate: current ad model and/or web access not fully verified,Discovery backlog; not individually verified,"Not playback-tested; verify region, plan and player",Not qualified by this research,TV/VOD packages; free/ad eligibility unconfirmed.,,,2026-09-06
Kinodaran,Turkey Caucasus CIS Ukraine Baltics,Video,kinodaran.com,U,Research candidate: current ad model and/or web access not fully verified,Discovery backlog; not individually verified,"Not playback-tested; verify region, plan and player",Not qualified by this research,Armenian streaming candidate; current plans need checking.,,,2026-09-06
Cavea+,Turkey Caucasus CIS Ukraine Baltics,Video,cavea.plus,U,Research candidate: current ad model and/or web access not fully verified,Discovery backlog; not individually verified,"Not playback-tested; verify region, plan and player",Not qualified by this research,Georgian streaming candidate; paid/free distinctions unconfirmed.,,,2026-09-06
Silk Go,Turkey Caucasus CIS Ukraine Baltics,Video,silkgo.ge,U,Research candidate: current ad model and/or web access not fully verified,Discovery backlog; not individually verified,"Not playback-tested; verify region, plan and player",Not qualified by this research,Georgian TV/sports candidate; provider restrictions.,,,2026-09-06
JioHotstar,India,Video,hotstar.com,P,Paid ad-supported offering documented; not generally free,Model documented,"Not playback-tested; verify region, plan and player",Not qualified by this research,Paid ad-supported Mobile/Super plans; Premium entertainment exception does not remove live sports ads. Some free sampling may vary.,https://www.jiostar.com/news/jiohotstar-introduces-monthly-plans-across-tiers-giving-viewers-more-choice-in-how-they-watch-their-favourite-entertainment/,"JioHotstar Introduces Monthly Plans Across Tiers, Giving Viewers More Choice in How They Watch Their Favourite Entertainment - Jiostar",2026-09-06
MX Player by Prime Video,India,Video,mxplayer.in,F,Free ad-supported offering documented,Model documented,"Not playback-tested; verify region, plan and player",Not qualified by this research,Amazon announced unification rollout in 2026; test remaining web host and Prime Free to Me as surfaces of a transitioning service.,https://www.aboutamazon.in/news/company-news/prime-video-mx-player-india-largest-streaming-service ; https://www.aboutamazon.in/news/company-news/prime-video-mx-player-india-largest-streaming-service,Prime Video and Amazon MX Player unification begins: Here's what's new - About Amazon India ; Prime Video and Amazon MX Player unification begins: Here's what's new - About Amazon India,2026-09-06
SonyLIV,India,Video,sonyliv.com,M,Free/paid or mixed ad-supported offering documented,Model documented,"Not playback-tested; verify region, plan and player",Not qualified by this research,Official FAQ confirms free-user ads and paid ad-supported plans.,https://www.sonyliv.com/faqs,FAQs - Sony LIV,2026-09-06
ZEE5,India,Video,zee5.com,P,Paid ad-supported offering documented; not generally free,Model documented,"Not playback-tested; verify region, plan and player",Not qualified by this research,"Indian plan table explicitly lists paid plans with ads and Laptop/PC support. This is not evidence of a general free tier. Regional, kids and live plans differ.",https://www.zee5.com/myaccount/subscription?campaign-id=shabadreetaurriwaaz&content-id=0-1-6z5861493&language-code=hi&language-duration=DURATION_3M ; https://helpcenter.zee5.com/portal/en/kb/articles/premium-subscription-plans-12-5-2023,Avail the Best ZEE5 Subscription Plan & ZEE5 Offers ; ZEE5 Premium subscription plans,2026-09-06
JioTV,India,Video,jiotv.com,U,Research candidate: current ad model and/or web access not fully verified,Discovery backlog; not individually verified,"Not playback-tested; verify region, plan and player",Not qualified by this research,Primarily carrier/app-oriented; check whether intended channels play in desktop Chrome.,,,2026-09-06
Airtel Xstream Play,India,Video,airtelxstream.in,U,Research candidate: current ad model and/or web access not fully verified,Discovery backlog; not individually verified,"Not playback-tested; verify region, plan and player",Not qualified by this research,Aggregator; subscriptions/provider apps and own player must be distinguished.,,,2026-09-06
Watcho,India,Video,watcho.com,U,Research candidate: current ad model and/or web access not fully verified,Discovery backlog; not individually verified,"Not playback-tested; verify region, plan and player",Not qualified by this research,Aggregator and originals; free versus bundle access needs checking.,,,2026-09-06
ShemarooMe,India,Video,shemaroome.com,U,Research candidate: current ad model and/or web access not fully verified,Discovery backlog; not individually verified,"Not playback-tested; verify region, plan and player",Not qualified by this research,Free sampling/subscription candidate.,,,2026-09-06
Hungama OTT,India,Video,hungama.com,U,Research candidate: current ad model and/or web access not fully verified,Discovery backlog; not individually verified,"Not playback-tested; verify region, plan and player",Not qualified by this research,Video/music and subscription distinctions require checking.,,,2026-09-06
Dangal Play,India,Video,dangalplay.com,U,Research candidate: current ad model and/or web access not fully verified,Discovery backlog; not individually verified,"Not playback-tested; verify region, plan and player",Not qualified by this research,Free/paid Indian broadcaster candidate.,,,2026-09-06
Sun NXT,India,Video,sunnxt.com,U,Research candidate: current ad model and/or web access not fully verified,Discovery backlog; not individually verified,"Not playback-tested; verify region, plan and player",Not qualified by this research,Primarily subscription; live broadcast ads may differ.,,,2026-09-06
aha,India,Video,aha.video,U,Research candidate: current ad model and/or web access not fully verified,Discovery backlog; not individually verified,"Not playback-tested; verify region, plan and player",Not qualified by this research,Regional subscription and free clips; do not assume ad-funded full access.,,,2026-09-06
hoichoi,India,Video,hoichoi.tv,U,Research candidate: current ad model and/or web access not fully verified,Discovery backlog; not individually verified,"Not playback-tested; verify region, plan and player",Not qualified by this research,Primarily subscription; verify free/promotional portion.,,,2026-09-06
ManoramaMAX,India,Video,manoramamax.com,U,Research candidate: current ad model and/or web access not fully verified,Discovery backlog; not individually verified,"Not playback-tested; verify region, plan and player",Not qualified by this research,Free broadcaster/paid entertainment candidate.,,,2026-09-06
Chaupal,India,Video,chaupal.tv,U,Research candidate: current ad model and/or web access not fully verified,Discovery backlog; not individually verified,"Not playback-tested; verify region, plan and player",Not qualified by this research,Regional subscription candidate; verify ads/free catalog.,,,2026-09-06
STAGE,India,Video,stage.in,U,Research candidate: current ad model and/or web access not fully verified,Discovery backlog; not individually verified,"Not playback-tested; verify region, plan and player",Not qualified by this research,Regional subscription/short-form candidate; app/browser limits.,,,2026-09-06
FanCode,India,Video,fancode.com,U,Research candidate: current ad model and/or web access not fully verified,Discovery backlog; not individually verified,"Not playback-tested; verify region, plan and player",Not qualified by this research,Sports free highlights versus paid match/tour passes.,,,2026-09-06
JioGamesWatch,India,Video,jiogames.com,U,Research candidate: current ad model and/or web access not fully verified,Discovery backlog; not individually verified,"Not playback-tested; verify region, plan and player",Not qualified by this research,Game-streaming surface; verify current web service and ad inventory.,,,2026-09-06
Tamasha,Pakistan Bangladesh Sri Lanka Nepal,Video,tamashaweb.com,U,Research candidate: current ad model and/or web access not fully verified,Partial official/secondary evidence; qualify,"Not playback-tested; verify region, plan and player",Not qualified by this research,"Pakistani mixed service; selected Pro sports ad-free documented, baseline ads/free entitlements need test.",https://tamashaweb.com/terms-of-use,Tamasha Terms of Use,2026-09-06
myco,Pakistan Bangladesh Sri Lanka Nepal,Video,myco.io,U,Research candidate: current ad model and/or web access not fully verified,Partial official/secondary evidence; qualify,"Not playback-tested; verify region, plan and player",Not qualified by this research,"Regional sports/creator service; ads, rewards and paid rights must be distinguished.",https://www.linkedin.com/posts/myco-io_myco-streamingrights-icc-activity-7400179912701022208-iS2v,#myco #streamingrights #icc #cricket | myco.io,2026-09-06
Tapmad,Pakistan Bangladesh Sri Lanka Nepal,Video,tapmad.com,U,Research candidate: current ad model and/or web access not fully verified,Discovery backlog; not individually verified,"Not playback-tested; verify region, plan and player",Not qualified by this research,Primarily paid sports/TV; check genuinely free sections separately.,,,2026-09-06
ARY ZAP,Pakistan Bangladesh Sri Lanka Nepal,Video,aryzap.com,U,Research candidate: current ad model and/or web access not fully verified,Discovery backlog; not individually verified,"Not playback-tested; verify region, plan and player",Not qualified by this research,Pakistan live/entertainment candidate.,,,2026-09-06
Har Pal Geo,Pakistan Bangladesh Sri Lanka Nepal,Video,harpalgeo.tv,U,Research candidate: current ad model and/or web access not fully verified,Discovery backlog; not individually verified,"Not playback-tested; verify region, plan and player",Not qualified by this research,Broadcaster episodes; embedded YouTube may share existing adapter.,,,2026-09-06
HUM TV,Pakistan Bangladesh Sri Lanka Nepal,Video,hum.tv,U,Research candidate: current ad model and/or web access not fully verified,Discovery backlog; not individually verified,"Not playback-tested; verify region, plan and player",Not qualified by this research,Broadcaster episodes/live; check embedded provider versus own player.,,,2026-09-06
Toffee,Pakistan Bangladesh Sri Lanka Nepal,Video,toffeelive.com,U,Research candidate: current ad model and/or web access not fully verified,Partial official/secondary evidence; qualify,"Not playback-tested; verify region, plan and player",Not qualified by this research,Official FAQ confirms free and premium web content; do not use conflicting older all-free terms as current plan proof.,https://toffeelive.com/bn/page/faqs,FAQs - Toffee,2026-09-06
Bongo,Pakistan Bangladesh Sri Lanka Nepal,Video,bongobd.com,U,Research candidate: current ad model and/or web access not fully verified,Discovery backlog; not individually verified,"Not playback-tested; verify region, plan and player",Not qualified by this research,Bangladesh AVOD/subscription candidate.,,,2026-09-06
Chorki,Pakistan Bangladesh Sri Lanka Nepal,Video,chorki.com,U,Research candidate: current ad model and/or web access not fully verified,Discovery backlog; not individually verified,"Not playback-tested; verify region, plan and player",Not qualified by this research,Primarily paid Bengali VOD; check free sampling separately.,,,2026-09-06
Bioscope,Pakistan Bangladesh Sri Lanka Nepal,Video,bioscopelive.com,U,Research candidate: current ad model and/or web access not fully verified,Discovery backlog; not individually verified,"Not playback-tested; verify region, plan and player",Not qualified by this research,Bangladesh service/current branding and active player need checking.,,,2026-09-06
Rabbithole,Pakistan Bangladesh Sri Lanka Nepal,Video,rabbitholebd.com,U,Research candidate: current ad model and/or web access not fully verified,Discovery backlog; not individually verified,"Not playback-tested; verify region, plan and player",Not qualified by this research,Sports/video candidate; rights and payment restrictions.,,,2026-09-06
Dialog ViU/ViU+,Pakistan Bangladesh Sri Lanka Nepal,Video,dialog.lk,U,Research candidate: current ad model and/or web access not fully verified,Partial official/secondary evidence; qualify,"Not playback-tested; verify region, plan and player",Not qualified by this research,"Sri Lankan product distinct from PCCW Viu; official help documents live access charge, not generally free TV.",https://dialog.lk/viu-app/livetv-charging ; https://dialog.lk/news/dialog-ushers-in-device-free-home-entertainment-with-viu-plus-smart-tv-app?language=en,ViU App - LIVE TV Charging | Dialog Axiata PLC ; Dialog ushers in device-free home entertainment with ViU+ Smart TV App | Dialog Axiata PLC,2026-09-06
Hiru TV,Pakistan Bangladesh Sri Lanka Nepal,Video,hirutv.lk,U,Research candidate: current ad model and/or web access not fully verified,Discovery backlog; not individually verified,"Not playback-tested; verify region, plan and player",Not qualified by this research,Sri Lankan broadcaster live/VOD candidate.,,,2026-09-06
TV Derana,Pakistan Bangladesh Sri Lanka Nepal,Video,derana.lk,U,Research candidate: current ad model and/or web access not fully verified,Discovery backlog; not individually verified,"Not playback-tested; verify region, plan and player",Not qualified by this research,Sri Lankan broadcaster live/VOD candidate.,,,2026-09-06
NETTV Nepal,Pakistan Bangladesh Sri Lanka Nepal,Video,nettv.com.np,U,Research candidate: current ad model and/or web access not fully verified,Discovery backlog; not individually verified,"Not playback-tested; verify region, plan and player",Not qualified by this research,TV aggregator; carrier/subscription and desktop access need checking.,,,2026-09-06
DishHome GO,Pakistan Bangladesh Sri Lanka Nepal,Video,dishhome.com.np,U,Research candidate: current ad model and/or web access not fully verified,Discovery backlog; not individually verified,"Not playback-tested; verify region, plan and player",Not qualified by this research,Provider TV candidate; not assumed free.,,,2026-09-06
Kantipur TV,Pakistan Bangladesh Sri Lanka Nepal,Video,kantipurtv.com,U,Research candidate: current ad model and/or web access not fully verified,Discovery backlog; not individually verified,"Not playback-tested; verify region, plan and player",Not qualified by this research,Nepali broadcaster live/video candidate.,,,2026-09-06
Tencent Video,China,Video,v.qq.com,U,Research candidate: current ad model and/or web access not fully verified,Discovery backlog; not individually verified,"Not playback-tested; verify region, plan and player",Not qualified by this research,Mainland service; separate from international WeTV; current free/paid ads need local verification.,,,2026-09-06
iQIYI China,China,Video,iqiyi.com,U,Research candidate: current ad model and/or web access not fully verified,Partial official/secondary evidence; qualify,"Not playback-tested; verify region, plan and player",Not qualified by this research,Membership and advertising business confirmed; individual web ad formats not verified.,https://ir.iqiyi.com/,"Company Overview | iQIYI, Inc.",2026-09-06
Youku China,China,Video,youku.com,U,Research candidate: current ad model and/or web access not fully verified,Partial official/secondary evidence; qualify,"Not playback-tested; verify region, plan and player",Not qualified by this research,Mainland service; verify local free/paid ad model.,https://www.alibabagroup.com/en-US/home,Alibaba Group Official Website,2026-09-06
YOUKU International,China,Video,youku.tv,U,Research candidate: current ad model and/or web access not fully verified,Discovery backlog; not individually verified,"Not playback-tested; verify region, plan and player",Not qualified by this research,Separate international site and language/rights catalog.,,,2026-09-06
Mango TV,China,Video,mgtv.com,U,Research candidate: current ad model and/or web access not fully verified,Discovery backlog; not individually verified,"Not playback-tested; verify region, plan and player",Not qualified by this research,Mainland/international catalog differences and VIP ad exclusions need test.,,,2026-09-06
Bilibili China,China,Video,bilibili.com,U,Research candidate: current ad model and/or web access not fully verified,Partial official/secondary evidence; qualify,"Not playback-tested; verify region, plan and player",Not qualified by this research,Advertising business is not proof of conventional pre-roll ads; treat sponsored feed/content separately.,https://ir.bilibili.com/media/0jzma4yo/report-of-foreign-issuer-rules-13a-16-and-15d-16.pdf,UNITED STATES,2026-09-06
Sohu Video,China,Video,tv.sohu.com,U,Research candidate: current ad model and/or web access not fully verified,Discovery backlog; not individually verified,"Not playback-tested; verify region, plan and player",Not qualified by this research,Chinese free/paid video candidate.,,,2026-09-06
Migu Video,China,Video,miguvideo.com,U,Research candidate: current ad model and/or web access not fully verified,Discovery backlog; not individually verified,"Not playback-tested; verify region, plan and player",Not qualified by this research,Sports and carrier-linked catalog; current tiers need verification.,,,2026-09-06
PP Video,China,Video,pptv.com,U,Research candidate: current ad model and/or web access not fully verified,Discovery backlog; not individually verified,"Not playback-tested; verify region, plan and player",Not qualified by this research,Current active catalog/ownership/player need verification.,,,2026-09-06
Xigua Video,China,Video,ixigua.com,U,Research candidate: current ad model and/or web access not fully verified,Discovery backlog; not individually verified,"Not playback-tested; verify region, plan and player",Not qualified by this research,Creator/long-form video candidate.,,,2026-09-06
Douyin,China,Video,douyin.com,U,Research candidate: current ad model and/or web access not fully verified,Discovery backlog; not individually verified,"Not playback-tested; verify region, plan and player",Not qualified by this research,Short video/live/social commerce; feed ads differ from ad breaks.,,,2026-09-06
Kuaishou,China,Video,kuaishou.com,U,Research candidate: current ad model and/or web access not fully verified,Discovery backlog; not individually verified,"Not playback-tested; verify region, plan and player",Not qualified by this research,Short video/live; browser experience differs from app.,,,2026-09-06
Huya,China,Video,huya.com,U,Research candidate: current ad model and/or web access not fully verified,Partial official/secondary evidence; qualify,"Not playback-tested; verify region, plan and player",Not qualified by this research,Live-streaming and ad business confirmed; actual ad surface needs test.,https://ir.huya.com/,Huya Inc.-Investor Relations Home,2026-09-06
DouYu,China,Video,douyu.com,U,Research candidate: current ad model and/or web access not fully verified,Partial official/secondary evidence; qualify,"Not playback-tested; verify region, plan and player",Not qualified by this research,PC/mobile streaming and advertising business confirmed; live ad behavior unverified.,https://ir.douyu.com/Press-Releases/6a86c32bef90a235e9d8f471,DouYu Investor Relations,2026-09-06
TVer,Japan,Video,tver.jp,F,Free ad-supported offering documented,Model documented,"Not playback-tested; verify region, plan and player",Not qualified by this research,Official ad-funded free catch-up service; Japanese labels and territorial rights.,https://privacy.tver.jp/,TVerプライバシーガイド,2026-09-06
ABEMA,Japan,Video,abema.tv,M,Free/paid or mixed ad-supported offering documented,Model documented,"Not playback-tested; verify region, plan and player",Not qualified by this research,Free content plus paid advertising-supported Premium documented; qualify each type separately.,https://help.abema.tv/hc/ja/articles/38856389251353-%E5%BA%83%E5%91%8A%E3%81%A4%E3%81%8DABEMA%E3%83%97%E3%83%AC%E3%83%9F%E3%82%A2%E3%83%A0%E3%81%AB%E3%81%A4%E3%81%84%E3%81%A6 ; https://help.abema.tv/hc/ja/articles/360013830391-%E3%81%A9%E3%81%AE%E3%82%88%E3%81%86%E3%81%AA%E6%9C%89%E6%96%99%E3%83%97%E3%83%A9%E3%83%B3%E3%81%8C%E3%81%82%E3%82%8A%E3%81%BE%E3%81%99%E3%81%8B,広告つきABEMAプレミアムについて – ABEMAヘルプ ; どのような有料プランがありますか？ – ABEMAヘルプ,2026-09-06
Niconico,Japan,Video,nicovideo.jp,U,Research candidate: current ad model and/or web access not fully verified,Discovery backlog; not individually verified,"Not playback-tested; verify region, plan and player",Not qualified by this research,Creator video/live; current premium/ad rules need verification.,,,2026-09-06
Lemino,Japan,Video,lemino.docomo.ne.jp,U,Research candidate: current ad model and/or web access not fully verified,Discovery backlog; not individually verified,"Not playback-tested; verify region, plan and player",Not qualified by this research,Free/ad and Premium candidate; title eligibility and browser support need test.,,,2026-09-06
Locipo,Japan,Video,locipo.jp,U,Research candidate: current ad model and/or web access not fully verified,Discovery backlog; not individually verified,"Not playback-tested; verify region, plan and player",Not qualified by this research,Regional commercial-broadcaster catch-up candidate.,,,2026-09-06
FOD,Japan,Video,fod.fujitv.co.jp,U,Research candidate: current ad model and/or web access not fully verified,Discovery backlog; not individually verified,"Not playback-tested; verify region, plan and player",Not qualified by this research,Free catch-up versus paid Premium; verify ads.,,,2026-09-06
Net mo TV Tokyo,Japan,Video,video.tv-tokyo.co.jp,U,Research candidate: current ad model and/or web access not fully verified,Discovery backlog; not individually verified,"Not playback-tested; verify region, plan and player",Not qualified by this research,Broadcaster catch-up; deduplicate current TVer redirects/embeds.,,,2026-09-06
MBS Dōga-ism,Japan,Video,dizm.mbs.jp,U,Research candidate: current ad model and/or web access not fully verified,Discovery backlog; not individually verified,"Not playback-tested; verify region, plan and player",Not qualified by this research,Regional broadcaster catch-up; check direct player versus TVer.,,,2026-09-06
Coupang Play,Korea Taiwan Hong Kong,Video,coupangplay.com,M,Free/paid or mixed ad-supported offering documented,Model documented,"Not playback-tested; verify region, plan and player",Not qualified by this research,Official free-with-ads offer for Coupang members; WOW/pass entitlements separate.,https://play.coupang.com/en,Coupang Play,2026-09-06
TVING,Korea Taiwan Hong Kong,Video,tving.com,P,Paid ad-supported offering documented; not generally free,Model documented,"Not playback-tested; verify region, plan and player",Not qualified by this research,Paid advertising-supported tier; TVING/Wavve bundles do not prove unified player.,https://www.tving.com/bill/subscription/plan?tab=plus ; https://www.tving.com/bill/subscription/plan?returnUrl=https%3A%2F%2Fwww.tving.com%2Flive%2FC51855,이용권 구독 ; TVING,2026-09-06
Wavve,Korea Taiwan Hong Kong,Video,wavve.com,U,Research candidate: current ad model and/or web access not fully verified,Partial official/secondary evidence; qualify,"Not playback-tested; verify region, plan and player",Not qualified by this research,Bundled ad tier mentioned by TVING; verify standalone Wavve playback/plan.,https://www.tving.com/bill/subscription/plan?returnUrl=https%3A%2F%2Fwww.tving.com%2Flive%2FC51855,TVING,2026-09-06
CHZZK,Korea Taiwan Hong Kong,Video,chzzk.naver.com,U,Research candidate: current ad model and/or web access not fully verified,Discovery backlog; not individually verified,"Not playback-tested; verify region, plan and player",Not qualified by this research,Korean live/game streaming; current ads need primary player verification.,,,2026-09-06
SOOP Korea,Korea Taiwan Hong Kong,Video,sooplive.co.kr,U,Research candidate: current ad model and/or web access not fully verified,Partial official/secondary evidence; qualify,"Not playback-tested; verify region, plan and player",Not qualified by this research,Former AfreecaTV brand; official advertising documented; don't assume international SOOP is identical.,https://corp.sooplive.co.kr/download/SOOP_ESGReport_2023.pdf,Our Businesses SOOP in the Present,2026-09-06
Naver TV,Korea Taiwan Hong Kong,Video,tv.naver.com,U,Research candidate: current ad model and/or web access not fully verified,Discovery backlog; not individually verified,"Not playback-tested; verify region, plan and player",Not qualified by this research,Clips/live and publisher video candidate.,,,2026-09-06
KakaoTV,Korea Taiwan Hong Kong,Video,tv.kakao.com,U,Research candidate: current ad model and/or web access not fully verified,Discovery backlog; not individually verified,"Not playback-tested; verify region, plan and player",Not qualified by this research,Verify current active live/VOD functions; older product descriptions may be stale.,,,2026-09-06
SBS Korea,Korea Taiwan Hong Kong,Video,sbs.co.kr,U,Research candidate: current ad model and/or web access not fully verified,Discovery backlog; not individually verified,"Not playback-tested; verify region, plan and player",Not qualified by this research,Broadcaster clips/on-air/VOD; mixed entitlements.,,,2026-09-06
MBC Korea,Korea Taiwan Hong Kong,Video,imbc.com,U,Research candidate: current ad model and/or web access not fully verified,Discovery backlog; not individually verified,"Not playback-tested; verify region, plan and player",Not qualified by this research,Broadcaster clips/on-air/VOD; mixed entitlements.,,,2026-09-06
KBS Korea,Korea Taiwan Hong Kong,Video,kbs.co.kr,U,Research candidate: current ad model and/or web access not fully verified,Discovery backlog; not individually verified,"Not playback-tested; verify region, plan and player",Not qualified by this research,Public broadcaster; verify commercial-channel versus noncommercial streams.,,,2026-09-06
JTBC,Korea Taiwan Hong Kong,Video,jtbc.co.kr,U,Research candidate: current ad model and/or web access not fully verified,Discovery backlog; not individually verified,"Not playback-tested; verify region, plan and player",Not qualified by this research,Commercial broadcaster clips/live; TVING links may replace direct viewing.,,,2026-09-06
LINE TV Taiwan,Korea Taiwan Hong Kong,Video,linetv.tw,M,Free/paid or mixed ad-supported offering documented,Model documented,"Not playback-tested; verify region, plan and player",Not qualified by this research,Free titles with ads plus VIP; unrelated to closed LINE TV Thailand.,https://help.linetv.tw/hc/zh-tw/articles/48925851740441-%E8%A7%80%E7%9C%8B%E5%BD%B1%E7%89%87%E6%98%AF%E5%90%A6%E9%9C%80%E8%A6%81%E4%BB%98%E8%B2%BB,觀看影片是否需要付費？ – LINE TV 客服中心,2026-09-06
LiTV,Korea Taiwan Hong Kong,Video,litv.tv,U,Research candidate: current ad model and/or web access not fully verified,Discovery backlog; not individually verified,"Not playback-tested; verify region, plan and player",Not qualified by this research,Taiwan live/VOD candidate; compare free sampling and subscription.,,,2026-09-06
4gTV,Korea Taiwan Hong Kong,Video,4gtv.tv,U,Research candidate: current ad model and/or web access not fully verified,Discovery backlog; not individually verified,"Not playback-tested; verify region, plan and player",Not qualified by this research,Taiwan TV packages and free channels; ads need verification.,,,2026-09-06
ofiii,Korea Taiwan Hong Kong,Video,ofiii.com,U,Research candidate: current ad model and/or web access not fully verified,Partial official/secondary evidence; qualify,"Not playback-tested; verify region, plan and player",Not qualified by this research,Free browser playback confirmed; current ad format needs test.,https://ofiiisupport.zendesk.com/hc/zh-tw/articles/25980883334041-ofiii-%E6%98%AF%E4%BB%80%E9%BA%BC,ofiii 是什麼？ – 客服中心,2026-09-06
myVideo Taiwan,Korea Taiwan Hong Kong,Video,myvideo.net.tw,U,Research candidate: current ad model and/or web access not fully verified,Discovery backlog; not individually verified,"Not playback-tested; verify region, plan and player",Not qualified by this research,Transactional/subscription and free selection candidate.,,,2026-09-06
KKTV,Korea Taiwan Hong Kong,Video,kktv.me,U,Research candidate: current ad model and/or web access not fully verified,Discovery backlog; not individually verified,"Not playback-tested; verify region, plan and player",Not qualified by this research,Taiwan drama service; current free/paid tiers need check.,,,2026-09-06
Hami Video,Korea Taiwan Hong Kong,Video,hamivideo.hinet.net,U,Research candidate: current ad model and/or web access not fully verified,Discovery backlog; not individually verified,"Not playback-tested; verify region, plan and player",Not qualified by this research,Taiwan carrier/live/sports service; free channels versus passes.,,,2026-09-06
ViuTV Hong Kong,Korea Taiwan Hong Kong,Video,viu.tv,U,Research candidate: current ad model and/or web access not fully verified,Partial official/secondary evidence; qualify,"Not playback-tested; verify region, plan and player",Not qualified by this research,Separate Hong Kong TV service from international Viu.,https://hq.viu.com/,Viu | HQ,2026-09-06
myTV SUPER,Korea Taiwan Hong Kong,Video,mytvsuper.com,U,Research candidate: current ad model and/or web access not fully verified,Discovery backlog; not individually verified,"Not playback-tested; verify region, plan and player",Not qualified by this research,Hong Kong free/paid television candidate.,,,2026-09-06
HOY TV,Korea Taiwan Hong Kong,Video,hoy.tv,U,Research candidate: current ad model and/or web access not fully verified,Discovery backlog; not individually verified,"Not playback-tested; verify region, plan and player",Not qualified by this research,Hong Kong broadcaster video/live candidate.,,,2026-09-06
Viu,Southeast Asia,Video,viu.com,M,Free/paid or mixed ad-supported offering documented,Model documented,"Not playback-tested; verify region, plan and player",Not qualified by this research,Pan-regional service; official developer confirms premium avoids ads. Free catalog and desktop behavior vary by market.,https://hq.viu.com/ ; https://play.google.com/store/apps/details?id=com.viu.phone,Viu | HQ ; Viu : Korean & Asian content - Apps on Google Play,2026-09-06
WeTV,Southeast Asia,Video,wetv.vip,M,Free/paid or mixed ad-supported offering documented,Model documented,"Not playback-tested; verify region, plan and player",Not qualified by this research,Official free viewing and ad-free VIP described; title/region restrictions.,https://wetv.vip/en?appid=coop_direct_msite_EASIMY%2F1000,"WeTV – Watch Chinese, Korean, Japanese, Thai dramas, anime, and movies for free. We provide Thai, Indonesian, and Malay subtitles and dubbing. Register as a WeTV VIP for an ad-free experience, comment with friends, and enjoy multilingual subtitles.",2026-09-06
iQIYI International,Southeast Asia,Video,iq.com,M,Free/paid or mixed ad-supported offering documented,Model documented,"Not playback-tested; verify region, plan and player",Not qualified by this research,"Free/VIP; VIP skips only some ad types, not all commercial content.",https://pca.iq.com/vip/privilege?is_privilege=1 ; https://intl-help.iq.com/m/?agentType=426&entranceId=PCW%2FH5_navigation&entry=pc&lang=en_us&mod=th&ptid=01010031010014000000,"For VIP privileges, please see ; Help and Feedback",2026-09-06
Vidio,Southeast Asia,Video,vidio.com,M,Free/paid or mixed ad-supported offering documented,Model documented,"Not playback-tested; verify region, plan and player",Not qualified by this research,"July 2026 terms explicitly describe free AVOD, subscription and transactional/PPV models, with website/computer access. Indonesian free VOD, sports and paid titles need separate playback tests.",https://support.vidio.com/support/solutions/articles/43000689191-syarat-ketentuan-vidio,Syarat & Ketentuan Vidio | Support Vidio,2026-09-06
RCTI+,Southeast Asia,Video,rctiplus.com,F,Free ad-supported offering documented,Model documented,"Not playback-tested; verify region, plan and player",Not qualified by this research,Official app listing confirms free content with ads; desktop ad behavior not verified.,https://play.google.com/store/apps/details?gl=ID&id=com.fta.rctitv,RCTI+ Superapp - Apps on Google Play,2026-09-06
Vision+,Southeast Asia,Video,visionplus.id,U,Research candidate: current ad model and/or web access not fully verified,Partial official/secondary evidence; qualify,"Not playback-tested; verify region, plan and player",Not qualified by this research,A 2022 official package article advertises paid ad-free benefits. Too old and insufficient to establish a current free desktop ad tier; verify present plans and player.,https://blog.visionplus.id/beragam-paket-vision/,Beragam Paket Vision+ yang Perlu Kamu Tau - Blog Visionplus,2026-09-06
mewatch,Southeast Asia,Video,mewatch.sg,M,Free/paid or mixed ad-supported offering documented,Model documented,"Not playback-tested; verify region, plan and player",Not qualified by this research,Official app describes free/premium content; official free-channel page and Mediacorp web video-roll specifications document advertising. Specs include skippable and non-skippable formats; actual placement/player behavior untested.,https://play.google.com/store/apps/details/meWATCH_Watch_Video_Movies_and_TV_Programmes?hl=en_US&id=sg.mediacorp.android ; https://www.mewatch.sg/live-tv/free-channels ; https://creativelab.mediacorp.sg/ad-eg/video-roll.html ; https://www.mewatch.sg/list/30-discount-off-3-month-mewatch-prime-and-FREE-3-month-ROCK-24-7-488253,"mewatch: Watch Video, Movies - Apps on Google Play ; Free Channels - mewatch ; Mediacorp Creative Lab - AdSpec ; 30% discount off 3-month mewatch prime and FREE 3-month ROCK 24/7 - mewatch",2026-09-06
Tonton,Southeast Asia,Video,tonton.com.my,M,Free/paid or mixed ad-supported offering documented,Model documented,"Not playback-tested; verify region, plan and player",Not qualified by this research,Official plan table confirms free ad-supported shows and computer support. TontonUp can retain ads on free shows; local live channels retain ads even with the No-ads upgrade. Qualify each surface separately.,https://stream.tonton.com.my/,"Tonton Malaysia | Watch Dramas, Movies & Shows Online",2026-09-06
sooka,Southeast Asia,Video,sooka.my,M,Free/paid or mixed ad-supported offering documented,Model documented,"Not playback-tested; verify region, plan and player",Not qualified by this research,Official description confirms free ad-supported channels; sports packages separate.,https://s.sooka.my/9FClb7,"sooka-Sports, TV Shows, Movies - Apps on Google Play",2026-09-06
Astro GO,Southeast Asia,Video,astrogo.astro.com.my,U,Research candidate: current ad model and/or web access not fully verified,Discovery backlog; not individually verified,"Not playback-tested; verify region, plan and player",Not qualified by this research,Provider-authenticated Malaysia TV; not generally free.,,,2026-09-06
Unifi TV,Southeast Asia,Video,unifi.com.my,U,Research candidate: current ad model and/or web access not fully verified,Discovery backlog; not individually verified,"Not playback-tested; verify region, plan and player",Not qualified by this research,Provider/free-channel candidate; web access depends on current product.,,,2026-09-06
TrueID,Southeast Asia,Video,trueid.net,U,Research candidate: current ad model and/or web access not fully verified,Partial official/secondary evidence; qualify,"Not playback-tested; verify region, plan and player",Not qualified by this research,Thai free/paid TV; verify actual no-ads Plus versus live exceptions.,https://trueidtv.trueid.net/th/trueidplus,ทรูไอดี พลัส - TrueID Plus,2026-09-06
AIS PLAY,Southeast Asia,Video,aisplay.ais.co.th,U,Research candidate: current ad model and/or web access not fully verified,Discovery backlog; not individually verified,"Not playback-tested; verify region, plan and player",Not qualified by this research,"Thai carrier TV/sports; browser, SIM and entitlement checks.",,,2026-09-06
CH3Plus,Southeast Asia,Video,ch3plus.com,U,Research candidate: current ad model and/or web access not fully verified,Discovery backlog; not individually verified,"Not playback-tested; verify region, plan and player",Not qualified by this research,Thai broadcaster free/Premium candidate.,,,2026-09-06
BUGABOO.TV,Southeast Asia,Video,bugaboo.tv,U,Research candidate: current ad model and/or web access not fully verified,Discovery backlog; not individually verified,"Not playback-tested; verify region, plan and player",Not qualified by this research,Thai broadcaster catch-up/live; international service may differ.,,,2026-09-06
oneD,Southeast Asia,Video,oned.net,U,Research candidate: current ad model and/or web access not fully verified,Discovery backlog; not individually verified,"Not playback-tested; verify region, plan and player",Not qualified by this research,Thai broadcaster free/premium candidate.,,,2026-09-06
MONOMAX,Southeast Asia,Video,monomax.me,U,Research candidate: current ad model and/or web access not fully verified,Discovery backlog; not individually verified,"Not playback-tested; verify region, plan and player",Not qualified by this research,Paid entertainment/sports; no assumed free ad-funded tier.,,,2026-09-06
Workpoint TV,Southeast Asia,Video,workpointtv.com,U,Research candidate: current ad model and/or web access not fully verified,Discovery backlog; not individually verified,"Not playback-tested; verify region, plan and player",Not qualified by this research,Thai broadcaster clips/live candidate.,,,2026-09-06
iWant,Southeast Asia,Video,iwanttfc.com,U,Research candidate: current ad model and/or web access not fully verified,Partial official/secondary evidence; qualify,"Not playback-tested; verify region, plan and player",Not qualified by this research,Current iWant branding; free samples/promotions versus subscriptions. Do not assume old iWantTFC rules.,https://corporate.abs-cbn.com/newsroom/news-releases/2025/10/5/emilio-daez-starrer-love-at-first-spike-streams-for-free-on-iwant?lang=en ; https://corporate.abs-cbn.com/newsroom/news-releases/2025/11/21/stand-up-comedy-series-benta-nights-brings-raw-unfiltered-laughter-to-iwant?lang=en,"Emilio Daez-starrer ""Love at First Spike"" streams for free on iWant ; Stand-up comedy series “Benta Nights” brings raw, unfiltered laughter to iWant",2026-09-06
Cignal Play,Southeast Asia,Video,cignalplay.com,U,Research candidate: current ad model and/or web access not fully verified,Partial official/secondary evidence; qualify,"Not playback-tested; verify region, plan and player",Not qualified by this research,Official ad-containing app; current player and plan access need browser test.,https://play.google.com/store/apps/details?id=tv.pilipinalive.app,Cignal Play - Apps on Google Play,2026-09-06
Pilipinas Live,Southeast Asia,Video,pilipinaslive.com,U,Research candidate: current ad model and/or web access not fully verified,Partial official/secondary evidence; qualify,"Not playback-tested; verify region, plan and player",Not qualified by this research,Possible product consolidation: cited current Cignal app uses former Pilipinas Live ID. Deduplicate before build.,https://play.google.com/store/apps/details?id=tv.pilipinalive.app,Cignal Play - Apps on Google Play,2026-09-06
GMA Network video,Southeast Asia,Video,gmanetwork.com,U,Research candidate: current ad model and/or web access not fully verified,Discovery backlog; not individually verified,"Not playback-tested; verify region, plan and player",Not qualified by this research,Philippine free broadcaster clips/live candidate.,,,2026-09-06
BlastTV,Southeast Asia,Video,blasttv.ph,U,Research candidate: current ad model and/or web access not fully verified,Discovery backlog; not individually verified,"Not playback-tested; verify region, plan and player",Not qualified by this research,Philippine streaming candidate; current active offer needs check.,,,2026-09-06
FPT Play,Southeast Asia,Video,fptplay.vn,U,Research candidate: current ad model and/or web access not fully verified,Partial official/secondary evidence; qualify,"Not playback-tested; verify region, plan and player",Not qualified by this research,Vietnam: free promotional content does not establish a permanent free catalog.,https://blog.fptplay.vn/cuc-dien-anh-phoi-hop-cung-fptplay-to-chuc-tuan-phim-thieu-nhi,Cục Điện ảnh phối hợp cùng FPT Play tổ chức tuần phim thiếu nhi,2026-09-06
VieON,Southeast Asia,Video,vieon.vn,M,Free/paid or mixed ad-supported offering documented,Model documented,"Not playback-tested; verify region, plan and player",Not qualified by this research,Free web films plus paid no-ads upgrade documented.,https://vieon.vn/huong-dan-su-dung-vieon-website.html?af_adset=tvshow&af_force_deeplink=true&c=owner-yt-tvshow-rvmua4-20sep2024&pid=owner,Hướng Dẫn Sử Dụng VieON Website: Đăng Ký Tài Khoản | Nhận Mã Giảm Giá Độc Quyền | Xem Phim 4K Miễn Phí,2026-09-06
TV360,Southeast Asia,Video,tv360.vn,U,Research candidate: current ad model and/or web access not fully verified,Partial official/secondary evidence; qualify,"Not playback-tested; verify region, plan and player",Not qualified by this research,Some free channels plus paid plans; carrier data-free does not mean subscription-free.,https://tv360.vn/tv/btv6?ch=9838 ; https://static-zlr.tv360.vn/tv360-static/static/web/images/Bang_gia_cuoc_truyen_hinh.pdf,BTV6 ; BẢNG GIÁ CƯỚC,2026-09-06
VTVgo,Southeast Asia,Video,vtvgo.vn,U,Research candidate: current ad model and/or web access not fully verified,Discovery backlog; not individually verified,"Not playback-tested; verify region, plan and player",Not qualified by this research,Vietnamese public broadcaster; verify ads by channel/player.,,,2026-09-06
Clip TV,Southeast Asia,Video,cliptv.vn,U,Research candidate: current ad model and/or web access not fully verified,Discovery backlog; not individually verified,"Not playback-tested; verify region, plan and player",Not qualified by this research,Vietnam TV/VOD; free/paid access needs checking.,,,2026-09-06
Mahar,Southeast Asia,Video,mahartv.com,U,Research candidate: current ad model and/or web access not fully verified,Discovery backlog; not individually verified,"Not playback-tested; verify region, plan and player",Not qualified by this research,Myanmar streaming candidate; desktop access and ad model unverified.,,,2026-09-06
Pyone Play,Southeast Asia,Video,pyoneplay.com,U,Research candidate: current ad model and/or web access not fully verified,Discovery backlog; not individually verified,"Not playback-tested; verify region, plan and player",Not qualified by this research,Myanmar broadcaster catch-up candidate.,,,2026-09-06
SOYO Cambodia,Southeast Asia,Video,soyo.tv,U,Research candidate: current ad model and/or web access not fully verified,Discovery backlog; not individually verified,"Not playback-tested; verify region, plan and player",Not qualified by this research,Cambodian streaming candidate; current status/tier/web support unverified.,,,2026-09-06
7plus,Australia and New Zealand,Video,7plus.com.au,F,Free ad-supported offering documented,Model documented,"Not playback-tested; verify region, plan and player",Not qualified by this research,Free ad-funded browser TV/live/VOD.,https://support.7plus.com.au/hc/en-au/articles/360060207852-Will-I-see-advertising-on-the-site ; https://support.7plus.com.au/hc/en-au/articles/360060521851-Can-I-access-7plus-for-free,Will I see advertising on the site? – 7plus ; Can I access 7plus for free? – 7plus,2026-09-06
9Now,Australia and New Zealand,Video,9now.com.au,F,Free ad-supported offering documented,Model documented,"Not playback-tested; verify region, plan and player",Not qualified by this research,Free ad-funded live/catch-up; Australian access.,https://help.9now.com.au/hc/en-au/articles/33270561854489-Is-9Now-free-to-use,Is 9Now free to use? – 9Now,2026-09-06
10,Australia and New Zealand,Video,10.com.au,F,Free ad-supported offering documented,Model documented,"Not playback-tested; verify region, plan and player",Not qualified by this research,Former 10 play; official help confirms free live/catch-up with advertising.,https://helpdesk.tenplay.com.au/support/solutions/articles/16000125615-why-does-10-play-have-ads- ; https://helpdesk.tenplay.com.au/support/solutions/articles/16000048101-about-10,Why does 10 have ads? : 10 play ; About 10 : 10,2026-09-06
SBS On Demand,Australia and New Zealand,Video,sbs.com.au,F,Free ad-supported offering documented,Model documented,"Not playback-tested; verify region, plan and player",Not qualified by this research,Free ad-funded service; multilingual VOD/live. Certain ad-category opt-outs are not universal ad-free viewing.,https://help.sbs.com.au/hc/en-au/articles/360002314515-Why-is-there-advertising-on-SBS,Why is there advertising on SBS? – SBS Help Centre,2026-09-06
TVNZ+,Australia and New Zealand,Video,tvnz.co.nz,F,Free ad-supported offering documented,Model documented,"Not playback-tested; verify region, plan and player",Not qualified by this research,Official media kit confirms free service and video ad breaks.,https://sales.tvnz.co.nz/assets/Presentations/TVNZ%2B-Digital-Media-Kit-May-2025.pdf,PowerPoint Presentation,2026-09-06
ThreeNow,Australia and New Zealand,Video,threenow.co.nz,F,Free ad-supported offering documented,Model documented,"Not playback-tested; verify region, plan and player",Not qualified by this research,Official developer lists free live/VOD with ads; desktop ad playback still untested.,https://play.google.com/store/apps/details?hl=en&id=com.mediaworks.android,ThreeNow - Apps on Google Play,2026-09-06
Māori+,Australia and New Zealand,Video,maoriplus.co.nz,U,Research candidate: current ad model and/or web access not fully verified,Discovery backlog; not individually verified,"Not playback-tested; verify region, plan and player",Not qualified by this research,Public/indigenous broadcaster; verify ads/sponsorship and current name.,,,2026-09-06
Kayo Sports / Freebies,Australia and New Zealand,Video,kayosports.com.au,U,Research candidate: current ad model and/or web access not fully verified,Discovery backlog; not individually verified,"Not playback-tested; verify region, plan and player",Not qualified by this research,Check current Freebies eligibility; full sports service paid.,,,2026-09-06
Stan Sport,Australia and New Zealand,Video,stan.com.au,U,Research candidate: current ad model and/or web access not fully verified,Discovery backlog; not individually verified,"Not playback-tested; verify region, plan and player",Not qualified by this research,Paid sports; inherited Optus rights do not make it a free service.,,,2026-09-06
ViX,Latin America and Caribbean,Video,vix.com,M,Free/paid or mixed ad-supported offering documented,Model documented,"Not playback-tested; verify region, plan and player",Not qualified by this research,Separate Gratis and paid Premium with/without ads; do not conflate plans.,https://ayuda.vix.com/hc/es/articles/26019677892365-Preguntas-frecuentes-sobre-ViX-Con-Anuncios ; https://ayuda.vix.com/hc/es/articles/42642211728781--Apostar%C3%ADas-por-M%C3%AD-Puedo-probar-el-contenido-Premium-en-ViX-sin-suscribirme,Preguntas frecuentes sobre ViX Con Anuncios – ViX ; ¿Apostarías por Mí?: ¿Puedo probar el contenido Premium en ViX sin suscribirme? – ViX,2026-09-06
Canela.TV,Latin America and Caribbean,Video,canela.tv,F,Free ad-supported offering documented,Model documented,"Not playback-tested; verify region, plan and player",Not qualified by this research,"Official FAQ: free with ads, web available; US and much of Latin America.",https://static-assets-cdn.edge.api.canela.tv/static/config/static-config/faq.html,Canela.TV FAQ,2026-09-06
Mercado Play,Latin America and Caribbean,Video,mercadolibre.com,F,Free ad-supported offering documented,Model documented,"Not playback-tested; verify region, plan and player",Not qualified by this research,Free viewing and video advertising documented; use the appropriate local Mercado Libre host.,https://global-selling.mercadolibre.com/learning-center/news/find-out?suScope=prod ; https://investor.mercadolibre.com/sites/mercadolibre/files/mercadolibre/results/mercadoLibre-Q424-sec-show.pdf,Mercado Libre ; 0001099590-25-000007,2026-09-06
Globoplay,Latin America and Caribbean,Video,globoplay.globo.com,M,Free/paid or mixed ad-supported offering documented,Model documented,"Not playback-tested; verify region, plan and player",Not qualified by this research,Free tier plus paid with-ads/Premium; pause ads separate from video breaks.,https://ajuda.globo.com/article/Quais-os-tipos-de-plano-do-Globoplay ; https://globoads.globo.com/para-o-seu-negocio/anunciar-no-globoplay/pause-ads,Quais os tipos de plano do Globoplay ; Pause Ads | Globo Ads,2026-09-06
RecordPlus,Latin America and Caribbean,Video,recordplus.com,U,Research candidate: current ad model and/or web access not fully verified,Partial official/secondary evidence; qualify,"Not playback-tested; verify region, plan and player",Not qualified by this research,"Former PlayPlus; free live offering confirmed, current host/ad behavior needs verification.",https://record.r7.com/fala-brasil/video/streaming-da-record-passa-a-se-chamar-recordplus-15082025/,Streaming da RECORD passa a se chamar RecordPlus – Record,2026-09-06
Bandplay,Latin America and Caribbean,Video,bandplay.com,U,Research candidate: current ad model and/or web access not fully verified,Partial official/secondary evidence; qualify,"Not playback-tested; verify region, plan and player",Not qualified by this research,Brazilian TV/radio/podcasts; current free/paid ad workflow needs test.,https://play.google.com/store/apps/details/BANDPLAY?hl=es&id=com.bandplay.tv,Bandplay - Aplicaciones en Google Play,2026-09-06
+SBT,Latin America and Caribbean,Video,mais.sbt.com.br,U,Research candidate: current ad model and/or web access not fully verified,Partial official/secondary evidence; qualify,"Not playback-tested; verify region, plan and player",Not qualified by this research,Free service confirmed; verify in-player ad behavior.,https://sbtnews.sbt.com.br/noticia/brasil/conheca-o-sbt-plataforma-de-streaming-100-gratuita-do-sbt,"Conheça o +SBT, plataforma de streaming 100% gratuita do SBT | SBT News",2026-09-06
RedeTV! GO,Latin America and Caribbean,Video,redetvgo.com.br,U,Research candidate: current ad model and/or web access not fully verified,Discovery backlog; not individually verified,"Not playback-tested; verify region, plan and player",Not qualified by this research,Brazilian broadcaster candidate; current branding/host needs checking.,,,2026-09-06
Claro video,Latin America and Caribbean,Video,clarovideo.com,U,Research candidate: current ad model and/or web access not fully verified,Discovery backlog; not individually verified,"Not playback-tested; verify region, plan and player",Not qualified by this research,Country-specific free catalog/bundles/rentals; no uniform regional free plan assumed.,,,2026-09-06
TV Azteca,Latin America and Caribbean,Video,tvazteca.com,U,Research candidate: current ad model and/or web access not fully verified,Discovery backlog; not individually verified,"Not playback-tested; verify region, plan and player",Not qualified by this research,Mexico free broadcaster/sports streams; rights vary.,,,2026-09-06
Las Estrellas,Latin America and Caribbean,Video,lasestrellas.tv,U,Research candidate: current ad model and/or web access not fully verified,Discovery backlog; not individually verified,"Not playback-tested; verify region, plan and player",Not qualified by this research,Mexico broadcaster clips; ViX embeds may share adapter.,,,2026-09-06
N+,Latin America and Caribbean,Video,nmas.com.mx,U,Research candidate: current ad model and/or web access not fully verified,Discovery backlog; not individually verified,"Not playback-tested; verify region, plan and player",Not qualified by this research,Mexico live news/video; commercial placement needs check.,,,2026-09-06
13GO,Latin America and Caribbean,Video,13.cl,U,Research candidate: current ad model and/or web access not fully verified,Discovery backlog; not individually verified,"Not playback-tested; verify region, plan and player",Not qualified by this research,Chile broadcaster streaming; identify actual 13GO player hostname.,,,2026-09-06
Mega GO,Latin America and Caribbean,Video,megago.cl,U,Research candidate: current ad model and/or web access not fully verified,Discovery backlog; not individually verified,"Not playback-tested; verify region, plan and player",Not qualified by this research,Chile free versus paid streaming candidate.,,,2026-09-06
TVN Play Chile,Latin America and Caribbean,Video,tvnplay.cl,U,Research candidate: current ad model and/or web access not fully verified,Discovery backlog; not individually verified,"Not playback-tested; verify region, plan and player",Not qualified by this research,Chile broadcaster; local versus international paid plans.,,,2026-09-06
Chilevisión,Latin America and Caribbean,Video,chilevision.cl,U,Research candidate: current ad model and/or web access not fully verified,Discovery backlog; not individually verified,"Not playback-tested; verify region, plan and player",Not qualified by this research,Chile free live/video candidate.,,,2026-09-06
Telefe,Latin America and Caribbean,Video,mitelefe.com,U,Research candidate: current ad model and/or web access not fully verified,Discovery backlog; not individually verified,"Not playback-tested; verify region, plan and player",Not qualified by this research,Argentina broadcaster; current host/redirects and player need checking.,,,2026-09-06
eltrece,Latin America and Caribbean,Video,eltrecetv.com.ar,U,Research candidate: current ad model and/or web access not fully verified,Discovery backlog; not individually verified,"Not playback-tested; verify region, plan and player",Not qualified by this research,Argentina broadcaster live/video candidate.,,,2026-09-06
Flow,Latin America and Caribbean,Video,flow.com.ar,U,Research candidate: current ad model and/or web access not fully verified,Discovery backlog; not individually verified,"Not playback-tested; verify region, plan and player",Not qualified by this research,Paid provider TV; free promotions separate.,,,2026-09-06
DGO,Latin America and Caribbean,Video,directvgo.com,U,Research candidate: current ad model and/or web access not fully verified,Discovery backlog; not individually verified,"Not playback-tested; verify region, plan and player",Not qualified by this research,Latin American paid TV; investigate free channels if currently offered.,,,2026-09-06
América tvGO,Latin America and Caribbean,Video,tvgo.americatv.com.pe,U,Research candidate: current ad model and/or web access not fully verified,Discovery backlog; not individually verified,"Not playback-tested; verify region, plan and player",Not qualified by this research,Peru free/premium broadcaster service candidate.,,,2026-09-06
Latina Play,Latin America and Caribbean,Video,latina.pe,U,Research candidate: current ad model and/or web access not fully verified,Discovery backlog; not individually verified,"Not playback-tested; verify region, plan and player",Not qualified by this research,Peru broadcaster video/live; locate current player.,,,2026-09-06
ATV Peru,Latin America and Caribbean,Video,atv.pe,U,Research candidate: current ad model and/or web access not fully verified,Discovery backlog; not individually verified,"Not playback-tested; verify region, plan and player",Not qualified by this research,Peruvian broadcaster live/video candidate.,,,2026-09-06
Caracol Play,Latin America and Caribbean,Video,caracolplay.com,U,Research candidate: current ad model and/or web access not fully verified,Discovery backlog; not individually verified,"Not playback-tested; verify region, plan and player",Not qualified by this research,Colombia free versus paid episodes/live; ads need check.,,,2026-09-06
Canal RCN,Latin America and Caribbean,Video,canalrcn.com,U,Research candidate: current ad model and/or web access not fully verified,Discovery backlog; not individually verified,"Not playback-tested; verify region, plan and player",Not qualified by this research,Colombian broadcaster clips/live; international access differs.,,,2026-09-06
Ecuavisa,Latin America and Caribbean,Video,ecuavisa.com,U,Research candidate: current ad model and/or web access not fully verified,Discovery backlog; not individually verified,"Not playback-tested; verify region, plan and player",Not qualified by this research,Ecuador free broadcaster video/live candidate.,,,2026-09-06
Teleamazonas,Latin America and Caribbean,Video,teleamazonas.com,U,Research candidate: current ad model and/or web access not fully verified,Discovery backlog; not individually verified,"Not playback-tested; verify region, plan and player",Not qualified by this research,Ecuador broadcaster video/live candidate.,,,2026-09-06
Teledoce,Latin America and Caribbean,Video,teledoce.com,U,Research candidate: current ad model and/or web access not fully verified,Discovery backlog; not individually verified,"Not playback-tested; verify region, plan and player",Not qualified by this research,Uruguay broadcaster video/live candidate.,,,2026-09-06
Canal 10 Uruguay,Latin America and Caribbean,Video,canal10.com.uy,U,Research candidate: current ad model and/or web access not fully verified,Discovery backlog; not individually verified,"Not playback-tested; verify region, plan and player",Not qualified by this research,Uruguay broadcaster video/live candidate.,,,2026-09-06
Unitel Bolivia,Latin America and Caribbean,Video,unitel.bo,U,Research candidate: current ad model and/or web access not fully verified,Discovery backlog; not individually verified,"Not playback-tested; verify region, plan and player",Not qualified by this research,Bolivia broadcaster video/live candidate.,,,2026-09-06
Red Uno,Latin America and Caribbean,Video,reduno.com.bo,U,Research candidate: current ad model and/or web access not fully verified,Discovery backlog; not individually verified,"Not playback-tested; verify region, plan and player",Not qualified by this research,Bolivia broadcaster video/live candidate.,,,2026-09-06
Telemundo,Latin America and Caribbean,Video,telemundo.com,U,Research candidate: current ad model and/or web access not fully verified,Discovery backlog; not individually verified,"Not playback-tested; verify region, plan and player",Not qualified by this research,US Spanish-language free clips/catch-up versus provider locks.,,,2026-09-06
Telemundo Puerto Rico,Latin America and Caribbean,Video,telemundopr.com,U,Research candidate: current ad model and/or web access not fully verified,Discovery backlog; not individually verified,"Not playback-tested; verify region, plan and player",Not qualified by this research,Puerto Rico local live/news candidate.,,,2026-09-06
TVJ / 1SpotMedia,Latin America and Caribbean,Video,1spotmedia.com,U,Research candidate: current ad model and/or web access not fully verified,Discovery backlog; not individually verified,"Not playback-tested; verify region, plan and player",Not qualified by this research,Jamaica/Caribbean free versus paid broadcaster service.,,,2026-09-06
Shahid,Middle East and North Africa,Video,shahid.mbc.net,M,Free/paid or mixed ad-supported offering documented,Model documented,"Not playback-tested; verify region, plan and player",Not qualified by this research,Ad-funded and subscription models documented; live and VIP distinctions.,https://shahid.mbc.net/en/terms-and-conditions ; https://www.mbc.net/ar/news/42,Terms and Conditions | MBC Shahid ; 3Q 2024 Earnings Release,2026-09-06
WATCH IT,Middle East and North Africa,Video,watchit.com,U,Research candidate: current ad model and/or web access not fully verified,Discovery backlog; not individually verified,"Not playback-tested; verify region, plan and player",Not qualified by this research,Egypt paid/ad-tier candidate; current packages need check.,,,2026-09-06
OSN+,Middle East and North Africa,Video,osnplus.com,U,Research candidate: current ad model and/or web access not fully verified,Discovery backlog; not individually verified,"Not playback-tested; verify region, plan and player",Not qualified by this research,Paid subscription; no general free ad tier assumed.,,,2026-09-06
STARZPLAY Arabia,Middle East and North Africa,Video,starzplay.com,U,Research candidate: current ad model and/or web access not fully verified,Discovery backlog; not individually verified,"Not playback-tested; verify region, plan and player",Not qualified by this research,Paid and possible FAST/free channels; verify territory and player.,,,2026-09-06
Yango Play,Middle East and North Africa,Video,play.yango.com,U,Research candidate: current ad model and/or web access not fully verified,Discovery backlog; not individually verified,"Not playback-tested; verify region, plan and player",Not qualified by this research,Paid bundled media; advertising/free access unconfirmed.,,,2026-09-06
stc tv,Middle East and North Africa,Video,stctv.com,U,Research candidate: current ad model and/or web access not fully verified,Discovery backlog; not individually verified,"Not playback-tested; verify region, plan and player",Not qualified by this research,Carrier/paid/free-channel mix; verify current Jawwy migration and browser.,,,2026-09-06
Awaan,Middle East and North Africa,Video,awaan.ae,U,Research candidate: current ad model and/or web access not fully verified,Partial official/secondary evidence; qualify,"Not playback-tested; verify region, plan and player",Not qualified by this research,Dubai Media free viewing/listening documented historically; current ads/web needs check.,https://www.dmi.gov.ae/content/corporate/en-ae/programs/41/Awan.html,Remarkable Digital Achievement Added to Dubai TV's Multi Channel Success List,2026-09-06
ADtv,Middle East and North Africa,Video,adtv.ae,U,Research candidate: current ad model and/or web access not fully verified,Discovery backlog; not individually verified,"Not playback-tested; verify region, plan and player",Not qualified by this research,Abu Dhabi Media broadcaster catch-up/live candidate.,,,2026-09-06
Shofha,Middle East and North Africa,Video,shofha.com,U,Research candidate: current ad model and/or web access not fully verified,Discovery backlog; not individually verified,"Not playback-tested; verify region, plan and player",Not qualified by this research,Regional subscription/carrier video; no assumed free tier.,,,2026-09-06
Al Jazeera,Middle East and North Africa,Video,aljazeera.com,U,Research candidate: current ad model and/or web access not fully verified,Discovery backlog; not individually verified,"Not playback-tested; verify region, plan and player",Not qualified by this research,Free news streams; verify player advertising versus program/sponsor material.,,,2026-09-06
Al Arabiya,Middle East and North Africa,Video,alarabiya.net,U,Research candidate: current ad model and/or web access not fully verified,Discovery backlog; not individually verified,"Not playback-tested; verify region, plan and player",Not qualified by this research,News live/video candidate.,,,2026-09-06
Sky News Arabia,Middle East and North Africa,Video,skynewsarabia.com,U,Research candidate: current ad model and/or web access not fully verified,Discovery backlog; not individually verified,"Not playback-tested; verify region, plan and player",Not qualified by this research,News live/video candidate.,,,2026-09-06
SNRT Live,Middle East and North Africa,Video,snrtlive.ma,U,Research candidate: current ad model and/or web access not fully verified,Discovery backlog; not individually verified,"Not playback-tested; verify region, plan and player",Not qualified by this research,Moroccan broadcaster; ads depend on channel.,,,2026-09-06
2M,Middle East and North Africa,Video,2m.ma,U,Research candidate: current ad model and/or web access not fully verified,Discovery backlog; not individually verified,"Not playback-tested; verify region, plan and player",Not qualified by this research,Moroccan broadcaster video/live candidate.,,,2026-09-06
El Watania Tunisia,Middle East and North Africa,Video,wataniatv.tn,U,Research candidate: current ad model and/or web access not fully verified,Discovery backlog; not individually verified,"Not playback-tested; verify region, plan and player",Not qualified by this research,"Tunisian public TV; verify broadcast ads, not assumed insertable breaks.",,,2026-09-06
Algerian TV / EPTV,Middle East and North Africa,Video,entv.dz,U,Research candidate: current ad model and/or web access not fully verified,Discovery backlog; not individually verified,"Not playback-tested; verify region, plan and player",Not qualified by this research,Algerian public broadcaster; verify specific stream/ad availability.,,,2026-09-06
eVOD,Sub-Saharan Africa,Video,evod.co.za,F,Free ad-supported offering documented,Model documented,"Not playback-tested; verify region, plan and player",Not qualified by this research,Free ad-supported South African service; web runtime still needs qualification.,https://www.etv.co.za/press-releases/evod-now-available-whale-tv,eVOD Now Available on Whale TV,2026-09-06
SABC+,Sub-Saharan Africa,Video,sabc-plus.com,U,Research candidate: current ad model and/or web access not fully verified,Partial official/secondary evidence; qualify,"Not playback-tested; verify region, plan and player",Not qualified by this research,Free public TV/sports service; stream ad handling not tested.,https://www.sabc.co.za/sabc/media-statement-sabc-plus-reaches-1-million-registered-users-driven-by-sport-and-digital-migration-campaign/ ; https://www.sabc.co.za/sabc/sabc-and-vodacom-partner-to-expand-affordable-access-to-the-fifa-world-cup-on-sabc-plus/,"MEDIA STATEMENT | SABC PLUS REACHES 1 MILLION REGISTERED USERS, DRIVEN BY SPORT AND DIGITAL MIGRATION CAMPAIGN – SABC – Official Website ; SABC and Vodacom partner to expand affordable access to the FIFA World Cup on SABC Plus – SABC – Official Website",2026-09-06
Openview Stream,Sub-Saharan Africa,Video,openview.co.za,U,Research candidate: current ad model and/or web access not fully verified,Partial official/secondary evidence; qualify,"Not playback-tested; verify region, plan and player",Not qualified by this research,"Reported July/August 2026 FAST rollout in seven African countries; secondary source only, verify official app/web entry point.",https://www.citizen.co.za/lifestyle/entertainment/tv/emedia-launches-free-streaming-service-across-seven-african-countries/,eMedia launches free streaming service,2026-09-06
DStv Stream,Sub-Saharan Africa,Video,dstv.com,U,Research candidate: current ad model and/or web access not fully verified,Discovery backlog; not individually verified,"Not playback-tested; verify region, plan and player",Not qualified by this research,Free channels if offered versus paid provider package; native/browser distinctions.,,,2026-09-06
Showmax,Sub-Saharan Africa,Video,showmax.com,U,Research candidate: current ad model and/or web access not fully verified,Discovery backlog; not individually verified,"Not playback-tested; verify region, plan and player",Not qualified by this research,Subscription service; do not assume its ordinary catalog is free or ad-supported.,,,2026-09-06
StarTimes ON,Sub-Saharan Africa,Video,startimestv.com,U,Research candidate: current ad model and/or web access not fully verified,Partial official/secondary evidence; qualify,"Not playback-tested; verify region, plan and player",Not qualified by this research,Carrier/pay-TV and app service; desktop playback/ads not established.,https://www.official.startimestv.com/,StarTimes,2026-09-06
AfroLandTV,Sub-Saharan Africa,Video,afrolandtv.com,M,Free/paid or mixed ad-supported offering documented,Model documented,"Not playback-tested; verify region, plan and player",Not qualified by this research,Free viewing plus ad-free Premium documented.,https://www.afrolandtv.com/upgrade,| AfroLandTV,2026-09-06
Viusasa,Sub-Saharan Africa,Video,viusasa.com,U,Research candidate: current ad model and/or web access not fully verified,Partial official/secondary evidence; qualify,"Not playback-tested; verify region, plan and player",Not qualified by this research,Official app contains ads and TV/radio/video; desktop access is unverified.,https://play.google.com/store/apps/details?hl=en_IN&id=com.viusasa,Viusasa – Apps on Google Play,2026-09-06
Citizen TV,Sub-Saharan Africa,Video,citizen.digital,U,Research candidate: current ad model and/or web access not fully verified,Discovery backlog; not individually verified,"Not playback-tested; verify region, plan and player",Not qualified by this research,Kenyan news/live broadcaster candidate.,,,2026-09-06
KTN,Sub-Saharan Africa,Video,standardmedia.co.ke,U,Research candidate: current ad model and/or web access not fully verified,Discovery backlog; not individually verified,"Not playback-tested; verify region, plan and player",Not qualified by this research,Kenyan broadcaster video/live candidate.,,,2026-09-06
NTV Kenya,Sub-Saharan Africa,Video,ntvkenya.co.ke,U,Research candidate: current ad model and/or web access not fully verified,Discovery backlog; not individually verified,"Not playback-tested; verify region, plan and player",Not qualified by this research,Kenyan broadcaster video/live candidate.,,,2026-09-06
Afro Mobile,Sub-Saharan Africa,Video,afromobile.com,U,Research candidate: current ad model and/or web access not fully verified,Discovery backlog; not individually verified,"Not playback-tested; verify region, plan and player",Not qualified by this research,Uganda TV/radio/video app candidate; browser eligibility unverified.,,,2026-09-06
GhanaWeb TV,Sub-Saharan Africa,Video,ghanaweb.com,U,Research candidate: current ad model and/or web access not fully verified,Discovery backlog; not individually verified,"Not playback-tested; verify region, plan and player",Not qualified by this research,Ghana publisher/video streams; ads not individually verified.,,,2026-09-06
JoyOnline,Sub-Saharan Africa,Video,myjoyonline.com,U,Research candidate: current ad model and/or web access not fully verified,Discovery backlog; not individually verified,"Not playback-tested; verify region, plan and player",Not qualified by this research,Ghana TV/radio/news streams candidate.,,,2026-09-06
Channels Television,Sub-Saharan Africa,Video,channelstv.com,U,Research candidate: current ad model and/or web access not fully verified,Discovery backlog; not individually verified,"Not playback-tested; verify region, plan and player",Not qualified by this research,Nigeria news video/live candidate.,,,2026-09-06
ARISE News,Sub-Saharan Africa,Video,arise.tv,U,Research candidate: current ad model and/or web access not fully verified,Discovery backlog; not individually verified,"Not playback-tested; verify region, plan and player",Not qualified by this research,Nigeria/international news live/video candidate.,,,2026-09-06
IROKOtv,Sub-Saharan Africa,Video,irokotv.com,U,Research candidate: current ad model and/or web access not fully verified,Discovery backlog; not individually verified,"Not playback-tested; verify region, plan and player",Not qualified by this research,Nollywood subscription service; current operations and browser access need verification.,,,2026-09-06
IbakaTV,Sub-Saharan Africa,Video,ibakatv.com,U,Research candidate: current ad model and/or web access not fully verified,Discovery backlog; not individually verified,"Not playback-tested; verify region, plan and player",Not qualified by this research,Nollywood VOD candidate; free/paid ads unconfirmed.,,,2026-09-06
SceneOne TV,Sub-Saharan Africa,Video,sceneone.tv,U,Research candidate: current ad model and/or web access not fully verified,Discovery backlog; not individually verified,"Not playback-tested; verify region, plan and player",Not qualified by this research,Nollywood subscription candidate; not presumed free.,,,2026-09-06
WASAFI,Sub-Saharan Africa,Video,wasafimedia.co.tz,U,Research candidate: current ad model and/or web access not fully verified,Discovery backlog; not individually verified,"Not playback-tested; verify region, plan and player",Not qualified by this research,Tanzania radio/TV/video candidate.,,,2026-09-06
Deezer,Global music radio and podcasts,Audio,deezer.com,U,Research candidate: current ad model and/or web access not fully verified,Partial official/secondary evidence; qualify,"Not playback-tested; verify region, plan and player",Not qualified by this research,Historical free advertising model; newer reports of 30-second browser previews. Not a confirmed full-track free Chrome target.,https://www.deezer-investors.com/wp-content/uploads/2024/04/DZR2023_DEEZER_URD_EN_2024_04_30pdf.pdf ; https://en.deezercommunity.com/android-47/it-won-t-let-me-play-more-than-the-thirty-second-preview-fortracks-82682,"Presentation of the Company ; It won't let me play more than the thirty second preview fortracks | Deezer Community, bringing music lovers together",2026-09-06
Spotify,Global music radio and podcasts,Audio,open.spotify.com,M,Free/paid or mixed ad-supported offering documented,Model documented,"Not playback-tested; verify region, plan and player",Not qualified by this research,Free songs/podcasts with ads; music breaks and podcast sponsorships are separate problems.,https://open.spotify.com/browse/albums,Spotify – Web Player,2026-09-06
YouTube Music,Global music radio and podcasts,Audio,music.youtube.com,M,Free/paid or mixed ad-supported offering documented,Model documented,"Not playback-tested; verify region, plan and player",Not qualified by this research,Official free ad-supported music/podcasts; separate from youtube.com adapter.,https://support.google.com/youtubemusic/answer/6313529?hl=en,What is YouTube Music? - YouTube Music Help,2026-09-06
SoundCloud,Global music radio and podcasts,Audio,soundcloud.com,M,Free/paid or mixed ad-supported offering documented,Model documented,"Not playback-tested; verify region, plan and player",Not qualified by this research,Free listening with audio/display ads; Go differs by territory and catalog.,https://soundcloud.com/company/plans/go ; https://help.soundcloud.com/hc/en-us/articles/31353227038747-Soundcloud-Go-General-FAQs,Go ; Soundcloud Go General FAQs – SoundCloud Help Center,2026-09-06
Amazon Music Free,Global music radio and podcasts,Audio,music.amazon.com,F,Free ad-supported offering documented,Model documented,"Not playback-tested; verify region, plan and player",Not qualified by this research,Amazon confirms audio ad inventory; distinguish Free from Prime and Unlimited.,https://advertising.amazon.com/help/G9T72834T7Z2K2RB,Amazon DSP audio advertising,2026-09-06
Pandora,Global music radio and podcasts,Audio,pandora.com,M,Free/paid or mixed ad-supported offering documented,Model documented,"Not playback-tested; verify region, plan and player",Not qualified by this research,Free ad-supported tier; primarily US service; paid tiers have exceptions.,https://alexa.pandora.com/privacy,Pandora - Privacy Policy,2026-09-06
iHeartRadio,Global music radio and podcasts,Audio,iheart.com,M,Free/paid or mixed ad-supported offering documented,Model documented,"Not playback-tested; verify region, plan and player",Not qualified by this research,Official help confirms free version funded by ads; some stations retain commercials for subscribers.,https://help.iheart.com/hc/en-us/articles/16944556140685-Why-am-I-hearing-commercials-even-though-I-have-a-subscription,Why am I hearing commercials even though I have a subscription? – iHeartRadio Help,2026-09-06
TuneIn,Global music radio and podcasts,Audio,tunein.com,U,Research candidate: current ad model and/or web access not fully verified,Partial official/secondary evidence; qualify,"Not playback-tested; verify region, plan and player",Not qualified by this research,Free and Premium audio; broadcast commercials versus platform insertions must be distinguished.,https://tunein.com/premium/?_branch_match_id=1536394097515692268&_branch_referrer=H4sIAAAAAAAAA8soKSkottLXz8ksLknN0yspzUvNzNNLzs%2FVN0ozSLcoC8n38LOvK0pNSy0qysxLj08qyi8vTi2ydc4oys9NBQByIFUJPgAAAA%3D%3D,Premium | TuneIn,2026-09-06
Audacy,Global music radio and podcasts,Audio,audacy.com,F,Free ad-supported offering documented,Model documented,"Not playback-tested; verify region, plan and player",Not qualified by this research,Free stations funded by ads; geographically targeted audio ads documented.,https://support.audacy.com/hc/en-us/articles/13767116748059-Is-Audacy-Free ; https://support.audacy.com/hc/en-us/articles/39469742083995-Why-am-I-hearing-ads-for-a-different-area-or-city-than-my-current-location,Is Audacy Free? – Audacy Support ; Why am I hearing ads for a different area or city than my current location? – Audacy Support,2026-09-06
LiveOne,Global music radio and podcasts,Audio,liveone.com,M,Free/paid or mixed ad-supported offering documented,Model documented,"Not playback-tested; verify region, plan and player",Not qualified by this research,Official help confirms free ad-sponsored service after paid cancellation.,https://support.liveone.com/hc/en-us/articles/4415471548315-Cancel-a-LiveOne-Subscription,Cancel a LiveOne Subscription – LiveOne,2026-09-06
AccuRadio,Global music radio and podcasts,Audio,accuradio.com,U,Research candidate: current ad model and/or web access not fully verified,Partial official/secondary evidence; qualify,"Not playback-tested; verify region, plan and player",Not qualified by this research,Free curated radio; commercial-free day/channel exceptions make individual ad testing necessary.,https://www.accuradio.com/apps/ ; https://www.accuradio.com/,Free Internet Radio | AccuRadio Online ; Free Internet Radio | AccuRadio Online,2026-09-06
Global Player,Global music radio and podcasts,Audio,globalplayer.com,U,Research candidate: current ad model and/or web access not fully verified,Partial official/secondary evidence; qualify,"Not playback-tested; verify region, plan and player",Not qualified by this research,"Free radio/podcasts/video; Heart/Capital/LBC/Classic FM/Radio X/Smooth/Gold are channels, not separate adapters by default.",https://www.globalplayer.com/ ; https://global.com/global-player/faq/,"Global Player | Radio, Podcasts, Playlists and Videos ; Global Player | Faqs | Global",2026-09-06
Radioplayer,Global music radio and podcasts,Audio,radioplayer.org,U,Research candidate: current ad model and/or web access not fully verified,Discovery backlog; not individually verified,"Not playback-tested; verify region, plan and player",Not qualified by this research,National products aggregate many broadcasters; inspect embedded/player architecture.,,,2026-09-06
radio.net,Global music radio and podcasts,Audio,radio.net,U,Research candidate: current ad model and/or web access not fully verified,Discovery backlog; not individually verified,"Not playback-tested; verify region, plan and player",Not qualified by this research,Radio/podcast aggregator; platform versus station ads.,,,2026-09-06
Radio Garden,Global music radio and podcasts,Audio,radio.garden,U,Research candidate: current ad model and/or web access not fully verified,Discovery backlog; not individually verified,"Not playback-tested; verify region, plan and player",Not qualified by this research,Radio map/player; third-party station streams are not uniformly ad-supported.,,,2026-09-06
Streema,Global music radio and podcasts,Audio,streema.com,U,Research candidate: current ad model and/or web access not fully verified,Discovery backlog; not individually verified,"Not playback-tested; verify region, plan and player",Not qualified by this research,Radio aggregator; station-specific ads.,,,2026-09-06
myTuner Radio,Global music radio and podcasts,Audio,mytuner-radio.com,U,Research candidate: current ad model and/or web access not fully verified,Discovery backlog; not individually verified,"Not playback-tested; verify region, plan and player",Not qualified by this research,Web/app radio aggregator; device ad behavior differs.,,,2026-09-06
Live365,Global music radio and podcasts,Audio,live365.com,U,Research candidate: current ad model and/or web access not fully verified,Discovery backlog; not individually verified,"Not playback-tested; verify region, plan and player",Not qualified by this research,Station hosting/player ecosystem; per-station monetization differs.,,,2026-09-06
LITT Live,Global music radio and podcasts,Audio,littlive.com,U,Research candidate: current ad model and/or web access not fully verified,Discovery backlog; not individually verified,"Not playback-tested; verify region, plan and player",Not qualified by this research,Former Dash Radio naming candidate; verify current platform ads versus station claims.,,,2026-09-06
DI.FM,Global music radio and podcasts,Audio,di.fm,U,Research candidate: current ad model and/or web access not fully verified,Discovery backlog; not individually verified,"Not playback-tested; verify region, plan and player",Not qualified by this research,Free/Premium electronic radio candidate.,,,2026-09-06
RadioTunes,Global music radio and podcasts,Audio,radiotunes.com,U,Research candidate: current ad model and/or web access not fully verified,Discovery backlog; not individually verified,"Not playback-tested; verify region, plan and player",Not qualified by this research,Shared family with DI.FM; verify player reuse.,,,2026-09-06
JAZZRADIO.com,Global music radio and podcasts,Audio,jazzradio.com,U,Research candidate: current ad model and/or web access not fully verified,Discovery backlog; not individually verified,"Not playback-tested; verify region, plan and player",Not qualified by this research,Shared radio family; test ads independently from genre content.,,,2026-09-06
ROCKRADIO.com,Global music radio and podcasts,Audio,rockradio.com,U,Research candidate: current ad model and/or web access not fully verified,Discovery backlog; not individually verified,"Not playback-tested; verify region, plan and player",Not qualified by this research,Shared radio family; test free/premium distinction.,,,2026-09-06
ClassicalRadio.com,Global music radio and podcasts,Audio,classicalradio.com,U,Research candidate: current ad model and/or web access not fully verified,Discovery backlog; not individually verified,"Not playback-tested; verify region, plan and player",Not qualified by this research,Shared radio family; candidate for shared adapter.,,,2026-09-06
SiriusXM,Global music radio and podcasts,Audio,siriusxm.com,U,Research candidate: current ad model and/or web access not fully verified,Discovery backlog; not individually verified,"Not playback-tested; verify region, plan and player",Not qualified by this research,Paid service; talk/sport/podcast ads differ from ad-free music channels.,,,2026-09-06
SomaFM,Global music radio and podcasts,Audio,somafm.com,U,Research candidate: current ad model and/or web access not fully verified,Discovery backlog; not individually verified,"Not playback-tested; verify region, plan and player",Not qualified by this research,"Likely donation-supported, not a conventional ad target; verify and use as negative control.",,,2026-09-06
Mixcloud,Global music radio and podcasts,Audio,mixcloud.com,U,Research candidate: current ad model and/or web access not fully verified,Discovery backlog; not individually verified,"Not playback-tested; verify region, plan and player",Not qualified by this research,DJ/radio mixes; creator membership/rights limitations are not ad breaks.,,,2026-09-06
Audiomack,Global music radio and podcasts,Audio,audiomack.com,M,Free/paid or mixed ad-supported offering documented,Model documented,"Not playback-tested; verify region, plan and player",Not qualified by this research,Paid upgrade removes ad interruptions; app-only features do not prove browser parity.,https://creators.audiomack.com/premium,Audiomack | Free Music Sharing and Discovery,2026-09-06
Bandcamp,Global music radio and podcasts,Audio,bandcamp.com,U,Research candidate: current ad model and/or web access not fully verified,Discovery backlog; not individually verified,"Not playback-tested; verify region, plan and player",Not qualified by this research,Artist previews/purchases; not presumed conventional ad-supported music streaming.,,,2026-09-06
Apple Podcasts,Global music radio and podcasts,Audio,podcasts.apple.com,U,Research candidate: current ad model and/or web access not fully verified,Partial official/secondary evidence; qualify,"Not playback-tested; verify region, plan and player",Not qualified by this research,"Free episodes may contain publisher ads; Apple app/web is a player, not necessarily source of ads.",https://advertise.acast.com/en/advertise/home,"Acast | Podcast Advertising Network | 140,000+ Shows",2026-09-06
iVoox,Global music radio and podcasts,Audio,ivoox.com,M,Free/paid or mixed ad-supported offering documented,Model documented,"Not playback-tested; verify region, plan and player",Not qualified by this research,Free podcasts/radio plus ad-free paid options; host-read sponsorship remains separate.,https://www.ivoox.com/planes ; https://www.ivoox.com/en/,Planes de iVoox: Premium y Plus ; The leading podcast platform in Spanish - iVoox,2026-09-06
Podbean,Global music radio and podcasts,Audio,podbean.com,U,Research candidate: current ad model and/or web access not fully verified,Partial official/secondary evidence; qualify,"Not playback-tested; verify region, plan and player",Not qualified by this research,Hosting/player network with dynamic ads; not every podcast has ads.,https://help.podbean.com/support/solutions/articles/25000035195-join-the-podbean-ads-marketplace,Join the Podbean Ads Marketplace | Podbean Support,2026-09-06
Acast players,Global music radio and podcasts,Audio,play.acast.com,U,Research candidate: current ad model and/or web access not fully verified,Partial official/secondary evidence; qualify,"Not playback-tested; verify region, plan and player",Not qualified by this research,Publisher infrastructure with dynamic ad insertion; many listening apps receive same episode audio.,https://advertise.acast.com/en/advertise/home ; https://learn-advertising.acast.com/en/articles/8027374-pre-recorded-ads,"Acast | Podcast Advertising Network | 140,000+ Shows ; Pre-recorded Ads | Acast Ads Help Center",2026-09-06
Spreaker,Global music radio and podcasts,Audio,spreaker.com,U,Research candidate: current ad model and/or web access not fully verified,Discovery backlog; not individually verified,"Not playback-tested; verify region, plan and player",Not qualified by this research,Podcast host/player and monetization candidate.,,,2026-09-06
Castbox,Global music radio and podcasts,Audio,castbox.fm,U,Research candidate: current ad model and/or web access not fully verified,Discovery backlog; not individually verified,"Not playback-tested; verify region, plan and player",Not qualified by this research,Podcast player; app ads versus embedded episode ads.,,,2026-09-06
Podchaser,Global music radio and podcasts,Audio,podchaser.com,U,Research candidate: current ad model and/or web access not fully verified,Discovery backlog; not individually verified,"Not playback-tested; verify region, plan and player",Not qualified by this research,"Discovery/episode playback surface, not a uniform ad inventory.",,,2026-09-06
Pocket Casts,Global music radio and podcasts,Audio,pocketcasts.com,U,Research candidate: current ad model and/or web access not fully verified,Discovery backlog; not individually verified,"Not playback-tested; verify region, plan and player",Not qualified by this research,Player; web entitlement and podcast-originated ads need checking.,,,2026-09-06
Podcast Addict,Global music radio and podcasts,Audio,podcastaddict.com,U,Research candidate: current ad model and/or web access not fully verified,Discovery backlog; not individually verified,"Not playback-tested; verify region, plan and player",Not qualified by this research,App-first player; web pages are not proof of full web playback.,,,2026-09-06
NPR,Global music radio and podcasts,Audio,npr.org,U,Research candidate: current ad model and/or web access not fully verified,Discovery backlog; not individually verified,"Not playback-tested; verify region, plan and player",Not qualified by this research,Underwriting/dynamic podcast sponsorship; do not classify spoken program content as ads by keywords alone.,,,2026-09-06
JioSaavn,Regional audio,Audio,jiosaavn.com,M,Free/paid or mixed ad-supported offering documented,Model documented,"Not playback-tested; verify region, plan and player",Not qualified by this research,Free listening with Pro ad-free upgrade; browser eligibility/ad format needs runtime check.,https://www.jio.com/help/faq/jio-apps/jiosaavn/do-i-have-to-pay-for-using-features-in-jiosaavn/ ; https://www.jio.com/apps/jiosaavn/,Do I have to pay for using features in JioSaavn? ; JioSaavn Free Song App - Download Latest Songs Online & Music App,2026-09-06
Gaana,Regional audio,Audio,gaana.com,U,Research candidate: current ad model and/or web access not fully verified,Discovery backlog; not individually verified,"Not playback-tested; verify region, plan and player",Not qualified by this research,Do not assume old free tier still exists; verify subscription requirements before prioritizing.,,,2026-09-06
Hungama Music,Regional audio,Audio,hungama.com,U,Research candidate: current ad model and/or web access not fully verified,Discovery backlog; not individually verified,"Not playback-tested; verify region, plan and player",Not qualified by this research,Music/video service; free samples and ads vary.,,,2026-09-06
Mirchi Plus,Regional audio,Audio,mirchi.in,U,Research candidate: current ad model and/or web access not fully verified,Discovery backlog; not individually verified,"Not playback-tested; verify region, plan and player",Not qualified by this research,India radio/podcasts/audio stories candidate.,,,2026-09-06
Boomplay,Regional audio,Audio,boomplay.com,M,Free/paid or mixed ad-supported offering documented,Model documented,"Not playback-tested; verify region, plan and player",Not qualified by this research,Official developer describes free service funded by ads; browser feature parity unverified.,https://play.google.com/store/apps/details?hl=en_US&id=com.afmobi.boomplayer,Boomplay: Music & Live Stream - Apps on Google Play,2026-09-06
Mdundo,Regional audio,Audio,mdundo.com,U,Research candidate: current ad model and/or web access not fully verified,Discovery backlog; not individually verified,"Not playback-tested; verify region, plan and player",Not qualified by this research,"African music service; downloads, streaming and sponsorship differ.",,,2026-09-06
Anghami,Regional audio,Audio,play.anghami.com,M,Free/paid or mixed ad-supported offering documented,Model documented,"Not playback-tested; verify region, plan and player",Not qualified by this research,Official help explicitly documents ads on the free plan through a temporary ad-removal offer. Homepage plan extraction remains ambiguous; territory eligibility and desktop parity are untested.,https://support.anghami.com/hc/en-us/articles/9198311576602-Anghami-Ads-Free-Offer-How-It-Works ; https://support.anghami.com/hc/en-us/categories/204110868-Advertise-on-Anghami ; https://support.anghami.com/hc/en-us/articles/9198311576602-Anghami-Ads-Free-Offer-How-It-Works,Anghami Ads-Free Offer – How It Works? – Anghami Help Center ; Advertise on Anghami – Anghami Help Center ; Anghami Ads-Free Offer – How It Works? – Anghami Help Center,2026-09-06
JOOX,Regional audio,Audio,joox.com,U,Research candidate: current ad model and/or web access not fully verified,Partial official/secondary evidence; qualify,"Not playback-tested; verify region, plan and player",Not qualified by this research,"VIP ad-free benefit documented, but FAQ crawl is old and includes mobile purchase instructions. Current free browser playback and advertising per market remain unverified.",https://www.joox.com/en/mobile/faq.html ; https://www.joox.com/en/faq.html,JOOX - FAQ ; JOOX - FAQ,2026-09-06
TREBEL,Regional audio,Audio,trebelmusic.com,M,Free/paid or mixed ad-supported offering documented,Model documented,"Not playback-tested; verify region, plan and player",Not qualified by this research,"Official app describes free daily allowance with ads; app-first, desktop player not established.",https://play.google.com/store/apps/details?hl=en_US&id=com.mmm.trebelmusic,"TREBEL: Music, MP3 & Podcasts - Apps on Google Play",2026-09-06
QQ Music,Regional audio,Audio,y.qq.com,U,Research candidate: current ad model and/or web access not fully verified,Discovery backlog; not individually verified,"Not playback-tested; verify region, plan and player",Not qualified by this research,China free tracks/VIP; full browser access and ads differ by track.,,,2026-09-06
Kugou Music,Regional audio,Audio,kugou.com,U,Research candidate: current ad model and/or web access not fully verified,Discovery backlog; not individually verified,"Not playback-tested; verify region, plan and player",Not qualified by this research,China music/live service; free/paid song restrictions are not removable ads.,,,2026-09-06
Kuwo Music,Regional audio,Audio,kuwo.cn,U,Research candidate: current ad model and/or web access not fully verified,Discovery backlog; not individually verified,"Not playback-tested; verify region, plan and player",Not qualified by this research,China music/radio candidate; browser and ad model need checking.,,,2026-09-06
NetEase Cloud Music,Regional audio,Audio,music.163.com,U,Research candidate: current ad model and/or web access not fully verified,Discovery backlog; not individually verified,"Not playback-tested; verify region, plan and player",Not qualified by this research,China free/paid music and podcasts; full tracks versus samples.,,,2026-09-06
Ximalaya,Regional audio,Audio,ximalaya.com,U,Research candidate: current ad model and/or web access not fully verified,Discovery backlog; not individually verified,"Not playback-tested; verify region, plan and player",Not qualified by this research,China spoken audio/podcasts; free/paid and host-read ads.,,,2026-09-06
Qingting FM,Regional audio,Audio,qingting.fm,U,Research candidate: current ad model and/or web access not fully verified,Discovery backlog; not individually verified,"Not playback-tested; verify region, plan and player",Not qualified by this research,China radio/spoken audio candidate.,,,2026-09-06
Lizhi,Regional audio,Audio,lizhi.fm,U,Research candidate: current ad model and/or web access not fully verified,Discovery backlog; not individually verified,"Not playback-tested; verify region, plan and player",Not qualified by this research,China audio/community; current browser service needs checking.,,,2026-09-06
Zing MP3,Regional audio,Audio,zingmp3.vn,U,Research candidate: current ad model and/or web access not fully verified,Discovery backlog; not individually verified,"Not playback-tested; verify region, plan and player",Not qualified by this research,Vietnam free/VIP music candidate; current browser and ad model need verification.,,,2026-09-06
NhacCuaTui,Regional audio,Audio,nhaccuatui.com,U,Research candidate: current ad model and/or web access not fully verified,Discovery backlog; not individually verified,"Not playback-tested; verify region, plan and player",Not qualified by this research,Vietnam free/VIP music candidate.,,,2026-09-06
VK Music,Regional audio,Audio,music.vk.com,U,Research candidate: current ad model and/or web access not fully verified,Discovery backlog; not individually verified,"Not playback-tested; verify region, plan and player",Not qualified by this research,Russia/social music; regional free browser and ad eligibility need checking.,,,2026-09-06
Yandex Music,Regional audio,Audio,music.yandex.ru,U,Research candidate: current ad model and/or web access not fully verified,Discovery backlog; not individually verified,"Not playback-tested; verify region, plan and player",Not qualified by this research,Paid availability in many markets; do not assume historical free tier.,,,2026-09-06
Zvuk,Regional audio,Audio,zvuk.com,U,Research candidate: current ad model and/or web access not fully verified,Discovery backlog; not individually verified,"Not playback-tested; verify region, plan and player",Not qualified by this research,Russian music subscription; verify free/ad portion.,,,2026-09-06
KKBOX,Regional audio,Audio,kkbox.com,U,Research candidate: current ad model and/or web access not fully verified,Discovery backlog; not individually verified,"Not playback-tested; verify region, plan and player",Not qualified by this research,East Asian subscription service; previews/trials not counted as free ad tier.,,,2026-09-06
LINE MUSIC,Regional audio,Audio,music.line.me,U,Research candidate: current ad model and/or web access not fully verified,Discovery backlog; not individually verified,"Not playback-tested; verify region, plan and player",Not qualified by this research,Japan music subscription; free preview limits vary.,,,2026-09-06
AWA,Regional audio,Audio,awa.fm,U,Research candidate: current ad model and/or web access not fully verified,Discovery backlog; not individually verified,"Not playback-tested; verify region, plan and player",Not qualified by this research,Japan music; free preview/session limits require checking.,,,2026-09-06
Melon,Regional audio,Audio,melon.com,U,Research candidate: current ad model and/or web access not fully verified,Discovery backlog; not individually verified,"Not playback-tested; verify region, plan and player",Not qualified by this research,Korean subscription service; previews not equivalent to free full-track streaming.,,,2026-09-06
Genie,Regional audio,Audio,genie.co.kr,U,Research candidate: current ad model and/or web access not fully verified,Discovery backlog; not individually verified,"Not playback-tested; verify region, plan and player",Not qualified by this research,Korean subscription service; free full-track/ad access unconfirmed.,,,2026-09-06
FLO,Regional audio,Audio,music-flo.com,U,Research candidate: current ad model and/or web access not fully verified,Discovery backlog; not individually verified,"Not playback-tested; verify region, plan and player",Not qualified by this research,Korean subscription service; free/ad access unconfirmed.,,,2026-09-06
Bugs,Regional audio,Audio,music.bugs.co.kr,U,Research candidate: current ad model and/or web access not fully verified,Discovery backlog; not individually verified,"Not playback-tested; verify region, plan and player",Not qualified by this research,Korean subscription service; previews versus paid tracks.,,,2026-09-06
NAVER VIBE,Regional audio,Audio,vibe.naver.com,U,Research candidate: current ad model and/or web access not fully verified,Discovery backlog; not individually verified,"Not playback-tested; verify region, plan and player",Not qualified by this research,Korean music subscription; free/ad access unconfirmed.,,,2026-09-06
Pornhub,Adult video and live-camera services,Adult,pornhub.com,A,Adult advertising inventory documented; free/player details require qualification,Model documented,"Not playback-tested; verify region, plan and player",Not qualified by this research,Adult ad placement confirmed by official ad network; local eligibility required; no playback tested.,https://www.trafficjunky.com/advertiser/ad-formats,"TrafficJunky Ad Formats: Advertise on Pornhub, YouPorn & More | TrafficJunky",2026-09-06
YouPorn,Adult video and live-camera services,Adult,youporn.com,A,Adult advertising inventory documented; free/player details require qualification,Model documented,"Not playback-tested; verify region, plan and player",Not qualified by this research,Adult ad placement confirmed; video/display formats must be distinguished.,https://www.trafficjunky.com/advertiser/ad-formats,"TrafficJunky Ad Formats: Advertise on Pornhub, YouPorn & More | TrafficJunky",2026-09-06
RedTube,Adult video and live-camera services,Adult,redtube.com,A,Adult advertising inventory documented; free/player details require qualification,Model documented,"Not playback-tested; verify region, plan and player",Not qualified by this research,Adult ad placement confirmed; no playback tested.,https://www.trafficjunky.com/advertiser/ad-formats,"TrafficJunky Ad Formats: Advertise on Pornhub, YouPorn & More | TrafficJunky",2026-09-06
Tube8,Adult video and live-camera services,Adult,tube8.com,A,Adult advertising inventory documented; free/player details require qualification,Model documented,"Not playback-tested; verify region, plan and player",Not qualified by this research,Official network still lists placement; independently verify active service/browser before adapter.,https://www.trafficjunky.com/advertiser/ad-formats,"TrafficJunky Ad Formats: Advertise on Pornhub, YouPorn & More | TrafficJunky",2026-09-06
XVideos,Adult video and live-camera services,Adult,xvideos.com,U,Research candidate: current ad model and/or web access not fully verified,Partial official/secondary evidence; qualify,"Not playback-tested; verify region, plan and player",Not qualified by this research,Older official ad-network evidence; current ad formats and availability require verification.,https://www.trafficfactory.com/wp-content/uploads/2019/10/Make-Money-Investing-in-the-Brazilian-Market-with-Traffic-Factory-ENG.pdf,BLOG ARTICLE,2026-09-06
XNXX,Adult video and live-camera services,Adult,xnxx.com,U,Research candidate: current ad model and/or web access not fully verified,Discovery backlog; not individually verified,"Not playback-tested; verify region, plan and player",Not qualified by this research,Adult video candidate; current ad network/player not verified.,,,2026-09-06
xHamster,Adult video and live-camera services,Adult,xhamster.com,A,Adult advertising inventory documented; free/player details require qualification,Model documented,"Not playback-tested; verify region, plan and player",Not qualified by this research,"Official advertising partner lists pre-roll, popunder and other formats.",https://trafficstars.com/product/xhamster-ads,xHamster's ads Exclusive Ad Partner TrafficStars,2026-09-06
Eporner,Adult video and live-camera services,Adult,eporner.com,A,Adult advertising inventory documented; free/player details require qualification,Model documented,"Not playback-tested; verify region, plan and player",Not qualified by this research,Ad-network case study confirms advertising inventory; current player behavior untested.,https://trafficstars.com/blog/case-study-scaling-an-igaming-offer-in-mena-to-1536-ftd,"Case Study: Scaling an iGaming Offer in MENA to 1,536 FTD",2026-09-06
SpankBang,Adult video and live-camera services,Adult,spankbang.com,U,Research candidate: current ad model and/or web access not fully verified,Discovery backlog; not individually verified,"Not playback-tested; verify region, plan and player",Not qualified by this research,Adult video candidate; owner/player/current ad formats unverified.,,,2026-09-06
Beeg,Adult video and live-camera services,Adult,beeg.com,U,Research candidate: current ad model and/or web access not fully verified,Discovery backlog; not individually verified,"Not playback-tested; verify region, plan and player",Not qualified by this research,Adult video candidate; no playback or ad-model confirmation.,,,2026-09-06
ThisVid,Adult video and live-camera services,Adult,thisvid.com,U,Research candidate: current ad model and/or web access not fully verified,Discovery backlog; not individually verified,"Not playback-tested; verify region, plan and player",Not qualified by this research,Adult social video candidate; account/private content not part of ad handling.,,,2026-09-06
Chaturbate,Adult video and live-camera services,Adult,chaturbate.com,U,Research candidate: current ad model and/or web access not fully verified,Discovery backlog; not individually verified,"Not playback-tested; verify region, plan and player",Not qualified by this research,Free public rooms and paid interactions are not equivalent to ad breaks; ad inventory not verified here.,,,2026-09-06
Stripchat,Adult video and live-camera services,Adult,stripchat.com,U,Research candidate: current ad model and/or web access not fully verified,Discovery backlog; not individually verified,"Not playback-tested; verify region, plan and player",Not qualified by this research,Live-camera candidate; never classify pay/tip/private-room controls as ads.,,,2026-09-06
LiveJasmin,Adult video and live-camera services,Adult,livejasmin.com,U,Research candidate: current ad model and/or web access not fully verified,Discovery backlog; not individually verified,"Not playback-tested; verify region, plan and player",Not qualified by this research,Live-camera candidate; paid-session access is not ad skipping.,,,2026-09-06
BongaCams,Adult video and live-camera services,Adult,bongacams.com,U,Research candidate: current ad model and/or web access not fully verified,Discovery backlog; not individually verified,"Not playback-tested; verify region, plan and player",Not qualified by this research,Live-camera candidate; verify actual advertising separately from creator content.,,,2026-09-06
CAM4,Adult video and live-camera services,Adult,cam4.com,U,Research candidate: current ad model and/or web access not fully verified,Discovery backlog; not individually verified,"Not playback-tested; verify region, plan and player",Not qualified by this research,Live-camera candidate; free-room versus paid interaction distinction.,,,2026-09-06
CamSoda,Adult video and live-camera services,Adult,camsoda.com,U,Research candidate: current ad model and/or web access not fully verified,Discovery backlog; not individually verified,"Not playback-tested; verify region, plan and player",Not qualified by this research,Live-camera candidate; ads not inferred from promotional UI alone.,,,2026-09-06
MyFreeCams,Adult video and live-camera services,Adult,myfreecams.com,U,Research candidate: current ad model and/or web access not fully verified,Discovery backlog; not individually verified,"Not playback-tested; verify region, plan and player",Not qualified by this research,Live-camera candidate; do not accelerate the creator's live feed.,,,2026-09-06
Flirt4Free,Adult video and live-camera services,Adult,flirt4free.com,U,Research candidate: current ad model and/or web access not fully verified,Discovery backlog; not individually verified,"Not playback-tested; verify region, plan and player",Not qualified by this research,Live-camera candidate; membership/private session controls are not ads.,,,2026-09-06
Streamate,Adult video and live-camera services,Adult,streamate.com,U,Research candidate: current ad model and/or web access not fully verified,Discovery backlog; not individually verified,"Not playback-tested; verify region, plan and player",Not qualified by this research,Live-camera candidate; entitlement boundary separate from advertising.,,,2026-09-06
Facebook video / Reels / Live,Additional social video and publisher surfaces,Video,facebook.com,U,Research candidate: current ad model and/or web access not fully verified,Partial official/secondary evidence; qualify,"Not playback-tested; verify region, plan and player",Not qualified by this research,Advertising documented for Reels; desktop feed and live ad behavior require their own qualification.,https://www.facebook.com/business/ads/facebook-instagram-reels-ads,Instagram & Facebook Reels: Create Short Video Ads | Meta for Business,2026-09-06
Instagram video / Reels / Live,Additional social video and publisher surfaces,Video,instagram.com,U,Research candidate: current ad model and/or web access not fully verified,Partial official/secondary evidence; qualify,"Not playback-tested; verify region, plan and player",Not qualified by this research,Advertising documented; sponsored feed cards are not necessarily video ad breaks.,https://www.facebook.com/business/ads/facebook-instagram-reels-ads,Instagram & Facebook Reels: Create Short Video Ads | Meta for Business,2026-09-06
TikTok,Additional social video and publisher surfaces,Video,tiktok.com,U,Research candidate: current ad model and/or web access not fully verified,Partial official/secondary evidence; qualify,"Not playback-tested; verify region, plan and player",Not qualified by this research,"Advertising documented; web experience, feed ads and live differ from mobile.",https://ads.tiktok.com/business/en/campaign/video,Make Your Video Budgets Work Harder | TikTok for Business,2026-09-06
X video / live,Additional social video and publisher surfaces,Video,x.com,U,Research candidate: current ad model and/or web access not fully verified,Discovery backlog; not individually verified,"Not playback-tested; verify region, plan and player",Not qualified by this research,"Social video candidate; subscription, advertiser and creator sponsorship distinctions.",,,2026-09-06
Snapchat web / Spotlight,Additional social video and publisher surfaces,Video,snapchat.com,U,Research candidate: current ad model and/or web access not fully verified,Discovery backlog; not individually verified,"Not playback-tested; verify region, plan and player",Not qualified by this research,Mobile-first; verify whether target viewing/ad surface exists in desktop Chrome.,,,2026-09-06
Kwai,Additional social video and publisher surfaces,Video,kwai.com,U,Research candidate: current ad model and/or web access not fully verified,Discovery backlog; not individually verified,"Not playback-tested; verify region, plan and player",Not qualified by this research,International short-video/live service; distinct from Chinese Kuaishou product.,,,2026-09-06
Likee,Additional social video and publisher surfaces,Video,likee.video,U,Research candidate: current ad model and/or web access not fully verified,Discovery backlog; not individually verified,"Not playback-tested; verify region, plan and player",Not qualified by this research,Short-video/live candidate; web versus app ad behavior unverified.,,,2026-09-06
BIGO LIVE,Additional social video and publisher surfaces,Video,bigo.tv,U,Research candidate: current ad model and/or web access not fully verified,Discovery backlog; not individually verified,"Not playback-tested; verify region, plan and player",Not qualified by this research,Live-streaming/gifts; do not treat creator commerce as interruptive ads.,,,2026-09-06
Nimo TV,Additional social video and publisher surfaces,Video,nimo.tv,U,Research candidate: current ad model and/or web access not fully verified,Discovery backlog; not individually verified,"Not playback-tested; verify region, plan and player",Not qualified by this research,Game/live streaming; current regional operation/ad model needs checking.,,,2026-09-06
Vimeo,Additional social video and publisher surfaces,Video,vimeo.com,U,Research candidate: current ad model and/or web access not fully verified,Discovery backlog; not individually verified,"Not playback-tested; verify region, plan and player",Not qualified by this research,"Hosting/player platform, not presumed ad-supported consumer video; useful negative control.",,,2026-09-06
Yahoo video,Additional social video and publisher surfaces,Video,yahoo.com,U,Research candidate: current ad model and/or web access not fully verified,Discovery backlog; not individually verified,"Not playback-tested; verify region, plan and player",Not qualified by this research,Publisher video/sports; embedded player family may cover many pages.,,,2026-09-06
AOL video,Additional social video and publisher surfaces,Video,aol.com,U,Research candidate: current ad model and/or web access not fully verified,Discovery backlog; not individually verified,"Not playback-tested; verify region, plan and player",Not qualified by this research,Publisher video candidate; shared player with other properties possible.,,,2026-09-06
MSN video,Additional social video and publisher surfaces,Video,msn.com,U,Research candidate: current ad model and/or web access not fully verified,Discovery backlog; not individually verified,"Not playback-tested; verify region, plan and player",Not qualified by this research,Publisher/aggregation surface; identify actual player owner before adapter work.,,,2026-09-06
CNN video,Additional social video and publisher surfaces,Video,cnn.com,U,Research candidate: current ad model and/or web access not fully verified,Discovery backlog; not individually verified,"Not playback-tested; verify region, plan and player",Not qualified by this research,Free clips versus paid/live access; ads depend on product/market.,,,2026-09-06
NBC News NOW,Additional social video and publisher surfaces,Video,nbcnews.com,U,Research candidate: current ad model and/or web access not fully verified,Discovery backlog; not individually verified,"Not playback-tested; verify region, plan and player",Not qualified by this research,Free news stream candidate; distinguish linear commercials and pre-rolls.,,,2026-09-06
ABC News Live,Additional social video and publisher surfaces,Video,abcnews.com,U,Research candidate: current ad model and/or web access not fully verified,Discovery backlog; not individually verified,"Not playback-tested; verify region, plan and player",Not qualified by this research,Free news/video candidate; publisher-owned player versus platform distribution.,,,2026-09-06
CBS News 24/7,Additional social video and publisher surfaces,Video,cbsnews.com,U,Research candidate: current ad model and/or web access not fully verified,Discovery backlog; not individually verified,"Not playback-tested; verify region, plan and player",Not qualified by this research,Free news stream/video candidate.,,,2026-09-06
FOX Local / LiveNOW,Additional social video and publisher surfaces,Video,foxlocal.com,U,Research candidate: current ad model and/or web access not fully verified,Discovery backlog; not individually verified,"Not playback-tested; verify region, plan and player",Not qualified by this research,Free local/news surfaces; actual host and web availability need checking.,,,2026-09-06
Reuters video,Additional social video and publisher surfaces,Video,reuters.com,U,Research candidate: current ad model and/or web access not fully verified,Discovery backlog; not individually verified,"Not playback-tested; verify region, plan and player",Not qualified by this research,"Publisher video, subscriptions and embedded distribution differ.",,,2026-09-06
Euronews,Additional social video and publisher surfaces,Video,euronews.com,U,Research candidate: current ad model and/or web access not fully verified,Discovery backlog; not individually verified,"Not playback-tested; verify region, plan and player",Not qualified by this research,Multilingual news video/live candidate.,,,2026-09-06
France 24,Additional social video and publisher surfaces,Video,france24.com,U,Research candidate: current ad model and/or web access not fully verified,Discovery backlog; not individually verified,"Not playback-tested; verify region, plan and player",Not qualified by this research,Multilingual news/video; advertising may differ by region and stream.,,,2026-09-06
DAZN,Additional sports surfaces,Video,dazn.com,M,Free/paid or mixed ad-supported offering documented,Model documented,"Not playback-tested; verify region, plan and player",Not qualified by this research,Free selection plus paid passes; ad sales documented. Qualify each territory and rights package.,https://www.dazn.com/en-IT/help/articles/16738769256733-free-offer ; https://biz.dazn.com/mediaguide/,Free-Offer | DAZN IT ; DAZN広告 媒体資料ダウンロード,2026-09-06
FIFA+,Additional sports surfaces,Video,fifa.com,U,Research candidate: current ad model and/or web access not fully verified,Partial official/secondary evidence; qualify,"Not playback-tested; verify region, plan and player",Not qualified by this research,"Historical advertising documented; June 2026 announcement moves free FIFA+ exclusively onto DAZN. Verify current ad behavior there, not a legacy standalone adapter.",https://inside.fifa.com/tournament-organisation/commercial/news/fifa-announces-sky-media-as-official-and-exclusive-ad-sales-representatives ; https://inside.fifa.com/organisation/media-releases/fifa-plus-dazn-global-home-of-football,"FIFA Announces Sky Media as Official and Exclusive Ad Sales Representatives for FIFA+ in Europe, UK, and Ireland ; FIFA+ launches on DAZN: a major step towards the Global Home of Football",2026-09-06
UEFA.tv,Additional sports surfaces,Video,uefa.tv,U,Research candidate: current ad model and/or web access not fully verified,Discovery backlog; not individually verified,"Not playback-tested; verify region, plan and player",Not qualified by this research,Free football video/live candidate; verify ads rather than assuming every free title is monetized.,,,2026-09-06
ESPN,Additional sports surfaces,Video,espn.com,U,Research candidate: current ad model and/or web access not fully verified,Discovery backlog; not individually verified,"Not playback-tested; verify region, plan and player",Not qualified by this research,Free clips versus paid ESPN streaming and TV-provider access.,,,2026-09-06
FOX Sports,Additional sports surfaces,Video,foxsports.com,U,Research candidate: current ad model and/or web access not fully verified,Discovery backlog; not individually verified,"Not playback-tested; verify region, plan and player",Not qualified by this research,Free clips versus entitled live streams.,,,2026-09-06
NBA / League Pass,Additional sports surfaces,Video,nba.com,U,Research candidate: current ad model and/or web access not fully verified,Discovery backlog; not individually verified,"Not playback-tested; verify region, plan and player",Not qualified by this research,Free highlights and paid games; broadcast ads differ from separate player ads.,,,2026-09-06
NFL / NFL+,Additional sports surfaces,Video,nfl.com,U,Research candidate: current ad model and/or web access not fully verified,Discovery backlog; not individually verified,"Not playback-tested; verify region, plan and player",Not qualified by this research,Free clips and paid/device-limited games; browser entitlement varies.,,,2026-09-06
MLB.TV,Additional sports surfaces,Video,mlb.com,U,Research candidate: current ad model and/or web access not fully verified,Discovery backlog; not individually verified,"Not playback-tested; verify region, plan and player",Not qualified by this research,Free clips/promotional games versus subscription; broadcaster ad breaks.,,,2026-09-06
NHL video,Additional sports surfaces,Video,nhl.com,U,Research candidate: current ad model and/or web access not fully verified,Discovery backlog; not individually verified,"Not playback-tested; verify region, plan and player",Not qualified by this research,Free highlights versus region-specific paid game distributors.,,,2026-09-06
UFC Fight Pass,Additional sports surfaces,Video,ufcfightpass.com,U,Research candidate: current ad model and/or web access not fully verified,Discovery backlog; not individually verified,"Not playback-tested; verify region, plan and player",Not qualified by this research,Paid catalog/events; free promotional clips separate.,,,2026-09-06
F1 TV,Additional sports surfaces,Video,f1tv.formula1.com,U,Research candidate: current ad model and/or web access not fully verified,Discovery backlog; not individually verified,"Not playback-tested; verify region, plan and player",Not qualified by this research,Paid service; no assumption that program/sponsor graphics are skippable ads.,,,2026-09-06
MotoGP VideoPass,Additional sports surfaces,Video,motogp.com,U,Research candidate: current ad model and/or web access not fully verified,Discovery backlog; not individually verified,"Not playback-tested; verify region, plan and player",Not qualified by this research,Paid service plus free clips; paid unlocks not an ad feature.,,,2026-09-06
TrillerTV,Additional sports surfaces,Video,trillertv.com,U,Research candidate: current ad model and/or web access not fully verified,Discovery backlog; not individually verified,"Not playback-tested; verify region, plan and player",Not qualified by this research,Free channels versus FITE+/PPV; verify present branding and ad model.,,,2026-09-06
Red Bull TV,Additional sports surfaces,Video,redbull.com,U,Research candidate: current ad model and/or web access not fully verified,Partial official/secondary evidence; qualify,"Not playback-tested; verify region, plan and player",Not qualified by this research,"Official app describes no ads: negative control, not a normal ad-skipping target.",https://apps.apple.com/us/app/red-bull-tv-watch-live-events/id364269164?platform=tv,‎Red Bull TV: Watch Live Events App - App Store,2026-09-06
Tennis Channel,Additional sports surfaces,Video,tennischannel.com,U,Research candidate: current ad model and/or web access not fully verified,Discovery backlog; not individually verified,"Not playback-tested; verify region, plan and player",Not qualified by this research,Free FAST distribution and paid sports products; identify the actual host.,,,2026-09-06
FloSports,Additional sports surfaces,Video,flosports.tv,U,Research candidate: current ad model and/or web access not fully verified,Discovery backlog; not individually verified,"Not playback-tested; verify region, plan and player",Not qualified by this research,Paid sports and free clips; no general free tier assumed.,,,2026-09-06
TSN,Additional sports surfaces,Video,tsn.ca,U,Research candidate: current ad model and/or web access not fully verified,Discovery backlog; not individually verified,"Not playback-tested; verify region, plan and player",Not qualified by this research,Canadian paid live/free clips; provider rights and broadcast ads.,,,2026-09-06
Sportsnet+,Additional sports surfaces,Video,sportsnetplus.ca,U,Research candidate: current ad model and/or web access not fully verified,Discovery backlog; not individually verified,"Not playback-tested; verify region, plan and player",Not qualified by this research,Canadian paid sport; verify ad type rather than promising skips.,,,2026-09-06
beIN SPORTS,Additional sports surfaces,Video,beinsports.com,U,Research candidate: current ad model and/or web access not fully verified,Discovery backlog; not individually verified,"Not playback-tested; verify region, plan and player",Not qualified by this research,Free clips versus paid CONNECT/TOD products; region-specific domains.,,,2026-09-06
Aparat,Iran and Israel,Video,aparat.com,U,Research candidate: current ad model and/or web access not fully verified,Partial official/secondary evidence; qualify,"Not playback-tested; verify region, plan and player",Not qualified by this research,"Iranian video platform; official ad placements documented, current free/player behavior needs verification.",https://support.aparat.com/kb/articles/pdf/article-145,آپاراتپایگاه دانش > تبلیغات > ایجاد و ویرایش تبلیغ > جایگاه‌های نمایش تبلیغات در آیاتجایگاه‌های نمایش تبلیغات در آپاراتایجاد و ویرایش تبلیغ - niushamin - 2025-02-17آپارات به عنوان یکی از پلتفرم‌های برتر ویدئویی در ایران، از روش‌های مختلفی برای نمایش تبلیغات استفاده,2026-09-06
Filimo,Iran and Israel,Video,filimo.com,U,Research candidate: current ad model and/or web access not fully verified,Discovery backlog; not individually verified,"Not playback-tested; verify region, plan and player",Not qualified by this research,Iranian subscription/VOD; free portions and ads not established.,,,2026-09-06
Namava,Iran and Israel,Video,namava.ir,U,Research candidate: current ad model and/or web access not fully verified,Discovery backlog; not individually verified,"Not playback-tested; verify region, plan and player",Not qualified by this research,Iranian subscription/VOD; no general free ad-supported catalog assumed.,,,2026-09-06
Telewebion,Iran and Israel,Video,telewebion.com,U,Research candidate: current ad model and/or web access not fully verified,Discovery backlog; not individually verified,"Not playback-tested; verify region, plan and player",Not qualified by this research,Iranian broadcaster streaming/catch-up candidate.,,,2026-09-06
12+ / mako,Iran and Israel,Video,12plus.tv,M,Free/paid or mixed ad-supported offering documented,Model documented,"Not playback-tested; verify region, plan and player",Not qualified by this research,Israeli browser video with paid ad-removal/pre-roll-only choices documented; entitlement/territory restrictions apply.,https://www.mako.co.il/mako-vod-help/Article-d09b3267d356081026.htm?Partner=blockscomp ; https://www.mako.co.il/mako-vod-help/Article-dd0b75e6b096e71026.htm?partner=purchase_page,עזרה ותמיכה למשתמשי אפליקציית הסטרימינג | +12 ; תקנון צפייה בתשלום ב +12 | +12,2026-09-06
13+ / Reshet,Iran and Israel,Video,13tv.co.il,U,Research candidate: current ad model and/or web access not fully verified,Discovery backlog; not individually verified,"Not playback-tested; verify region, plan and player",Not qualified by this research,Israeli commercial broadcaster streaming candidate.,,,2026-09-06
